numerai_ticker,iex_ticker
SVW AU,SVW-AT
GEM AU,GEM-AT
AZJ AU,AZJ-AT
NXT AU,NXT-AT
TWE AU,TWE-AT
SGR AU,SGR-AT
CKF AU,CKF-AT
BGA AU,BGA-AT
QUB AU,QUB-AT
MMS AU,MMS-AT
AX1 AU,AX1-AT
SUL AU,SUL-AT
NCM AU,NCM-AT
KAR AU,KAR-AT
NCK AU,NCK-AT
PRU AU,PRU-AT
REA AU,REA-AT
CIM AU,CIM-AT
LLC AU,LLC-AT
JIN AU,JIN-AT
JBH AU,JBH-AT
AMP AU,AMP-AT
QAN AU,QAN-AT
ILU AU,ILU-AT
WOW AU,WOW-AT
SSM AU,SSM-AT
LYC AU,LYC-AT
ASX AU,ASX-AT
PNV AU,PNV-AT
ORG AU,ORG-AT
CBA AU,CBA-AT
BLD AU,BLD-AT
ORI AU,ORI-AT
DOW AU,DOW-AT
ARB AU,ARB-AT
API AU,API-AT
NUF AU,NUF-AT
HLS AU,HLS-AT
CPU AU,CPU-AT
CSL AU,CSL-AT
SUN AU,SUN-AT
RMS AU,RMS-AT
MND AU,MND-AT
SFR AU,SFR-AT
WES AU,WES-AT
AWC AU,AWC-AT
FMG AU,FMG-AT
TLS AU,TLS-AT
BPT AU,BPT-AT
RHC AU,RHC-AT
IAG AU,IAG-AT
SBM AU,SBM-AT
CUV AU,CUV-AT
PME AU,PME-AT
EOS AU,EOS-AT
APE AU,APE-AT
IRE AU,IRE-AT
TNE AU,TNE-AT
WOR AU,WOR-AT
IPL AU,IPL-AT
PPT AU,PPT-AT
CTD AU,CTD-AT
SHL AU,SHL-AT
WEB AU,WEB-AT
BOQ AU,BOQ-AT
HSN AU,HSN-AT
APA AU,APA-AT
CCP AU,CCP-AT
BKW AU,BKW-AT
FLT AU,FLT-AT
ELD AU,ELD-AT
GUD AU,GUD-AT
BEN AU,BEN-AT
BKL AU,BKL-AT
GNC AU,GNC-AT
GWA AU,GWA-AT
OZL AU,OZL-AT
BRG AU,BRG-AT
ALD AU,ALD-AT
ALQ AU,ALQ-AT
ALU AU,ALU-AT
HVN AU,HVN-AT
TCL AU,TCL-AT
COH AU,COH-AT
ALL AU,ALL-AT
SHV AU,SHV-AT
WSA AU,WSA-AT
OSH AU,OSH-AT
PMV AU,PMV-AT
RSG AU,RSG-AT
JHX AU,JHX-AT
IGO AU,IGO-AT
RRL AU,RRL-AT
BSL AU,BSL-AT
DEG AU,DEG-AT
EVN AU,EVN-AT
IFL AU,IFL-AT
IVC AU,IVC-AT
QBE AU,QBE-AT
NST AU,NST-AT
CGF AU,CGF-AT
TAH AU,TAH-AT
ABC AU,ABC-AT
PRN AU,PRN-AT
ANZ AU,ANZ-AT
WBC AU,WBC-AT
BHP AU,BHP-AT
CSR AU,CSR-AT
ANN AU,ANN-AT
NAB AU,NAB-AT
STO AU,STO-AT
WPL AU,WPL-AT
CWY AU,CWY-AT
MTS AU,MTS-AT
SEK AU,SEK-AT
SYD AU,SYD-AT
MFG AU,MFG-AT
DMP AU,DMP-AT
NEA AU,NEA-AT
SGM AU,SGM-AT
PLS AU,PLS-AT
SDF AU,SDF-AT
BGL AU,BGL-AT
EML AU,EML-AT
NEC AU,NEC-AT
ORA AU,ORA-AT
CHN AU,CHN-AT
BAP AU,BAP-AT
AGL AU,AGL-AT
CIA AU,CIA-AT
GMA AU,GMA-AT
SIQ AU,SIQ-AT
GOR AU,GOR-AT
IPH AU,IPH-AT
OML AU,OML-AT
LOV AU,LOV-AT
APX AU,APX-AT
EHL AU,EHL-AT
MIN AU,MIN-AT
AMA AU,AMA-AT
S32 AU,S32-AT
BXB AU,BXB-AT
ADH AU,ADH-AT
HUM AU,HUM-AT
CGC AU,CGC-AT
GXY AU,GXY-AT
RBL AU,RBL-AT
LNK AU,LNK-AT
IEL AU,IEL-AT
TPW AU,TPW-AT
MP1 AU,MP1-AT
AST AU,AST-AT
WTC AU,WTC-AT
SKI AU,SKI-AT
RWC AU,RWC-AT
AMI AU,AMI-AT
NAN AU,NAN-AT
PTM AU,PTM-AT
WHC AU,WHC-AT
PNI AU,PNI-AT
HUB AU,HUB-AT
SYR AU,SYR-AT
NWH AU,NWH-AT
SLR AU,SLR-AT
MQG AU,MQG-AT
NHF AU,NHF-AT
PDL AU,PDL-AT
ORE AU,ORE-AT
CWN AU,CWN-AT
ING AU,ING-AT
BVS AU,BVS-AT
WGX AU,WGX-AT
APT AU,APT-AT
JLG AU,JLG-AT
DHG AU,DHG-AT
TLX AU,TLX-AT
NWL AU,NWL-AT
VEA AU,VEA-AT
NIC AU,NIC-AT
COL AU,COL-AT
UWL AU,UWL-AT
PBH AU,PBH-AT
MPL AU,MPL-AT
CAR AU,CAR-AT
TYR AU,TYR-AT
NTO AU,NTO-AT
UMG AU,UMG-AT
TPG AU,TPG-AT
DRR AU,DRR-AT
ALX AU,ALX-AT
SUM NZ,SUM-NZ
CNU NZ,CNU-NZ
AIA NZ,AIA-NZ
IFT NZ,IFT-NZ
FPH NZ,FPH-NZ
FBU NZ,FBU-NZ
CEN NZ,CEN-NZ
ATM NZ,ATM-NZ
RYM NZ,RYM-NZ
SKC NZ,SKC-NZ
SPK NZ,
MCY NZ,MCY-NZ
ZEL NZ,ZEL-NZ
MEL NZ,MEL-NZ
OCA NZ,OCA-NZ
1999 HK,01999-HK
1972 HK,01972-HK
1299 HK,01299-HK
327 HK,00327-HK
2282 HK,02282-HK
1929 HK,01929-HK
6823 HK,06823-HK
2678 HK,02678-HK
2343 HK,02343-HK
2356 HK,02356-HK
570 HK,00570-HK
27 HK,00027-HK
522 HK,00522-HK
178 HK,00178-HK
2688 HK,02688-HK
551 HK,00551-HK
345 HK,00345-HK
665 HK,00665-HK
8 HK,00008-HK
101 HK,00101-HK
388 HK,00388-HK
66 HK,00066-HK
6 HK,00006-HK
3 HK,00003-HK
659 HK,00659-HK
69 HK,00069-HK
83 HK,00083-HK
1137 HK,01137-HK
23 HK,00023-HK
1083 HK,01083-HK
2 HK,00002-HK
241 HK,00241-HK
12 HK,00012-HK
341 HK,00341-HK
1038 HK,01038-HK
440 HK,00440-HK
451 HK,00451-HK
8083 HK,08083-HK
16 HK,00016-HK
11 HK,00011-HK
683 HK,00683-HK
856 HK,00856-HK
2388 HK,02388-HK
590 HK,00590-HK
19 HK,00019-HK
293 HK,00293-HK
4 HK,00004-HK
14 HK,00014-HK
200 HK,00200-HK
17 HK,00017-HK
303 HK,00303-HK
669 HK,00669-HK
3613 HK,03613-HK
1316 HK,01316-HK
636 HK,00636-HK
2638 HK,02638-HK
1381 HK,01381-HK
1310 HK,01310-HK
1 HK,00001-HK
1113 HK,01113-HK
MLCO US,MLCO
2138 HK,02138-HK
HCM US,HCM
1382 HK,01382-HK
656 HK,00656-HK
880 HK,00880-HK
1997 HK,01997-HK
1755 HK,01755-HK
FUTU US,FUTU
1876 HK,01876-HK
1128 HK,01128-HK
1928 HK,01928-HK
HPHT SP,NS8-SP
SSG SP,OV8-SP
SPH SP,T39-SP
CIT SP,C09-SP
SCI SP,U96-SP
RFMD SP,BSL-SP
UOB SP,U11-SP
UOL SP,U14-SP
VMS SP,V03-SP
STE SP,S63-SP
SATS SP,S58-SP
SIE SP,S59-SP
SGX SP,S68-SP
CAPL SP,C31-SP
AEM SP,AWX-SP
UMSH SP,558-SP
CD SP,C52-SP
SPOST SP,S08-SP
GGR SP,E5H-SP
DBS SP,D05-SP
SMM SP,S51-SP
JCNC SP,C07-SP
GENS SP,G13-SP
SIA SP,C6L-SP
FRKN SP,E28-SP
OCBC SP,O39-SP
WIL SP,F34-SP
UGHC SP,8K7-SP
STH SP,CC3-SP
KEP SP,BN4-SP
FR SP,EB5-SP
NETLINK SP,CJLU-SP
SE US,SE
NANO SP,MZH-SP
ICBP IJ,ICBP-IJ
TBIG IJ,TBIG-IJ
ERAA IJ,ERAA-IJ
BBCA IJ,BBCA-IJ
TLKM IJ,TLKM-IJ
BBRI IJ,BBRI-IJ
GGRM IJ,GGRM-IJ
AKRA IJ,AKRA-IJ
ANTM IJ,ANTM-IJ
KLBF IJ,KLBF-IJ
ASII IJ,ASII-IJ
CTRA IJ,CTRA-IJ
PTBA IJ,PTBA-IJ
PWON IJ,PWON-IJ
BRPT IJ,BRPT-IJ
UNTR IJ,UNTR-IJ
INDF IJ,INDF-IJ
CPIN IJ,CPIN-IJ
AALI IJ,AALI-IJ
LPPF IJ,LPPF-IJ
UNVR IJ,UNVR-IJ
SMGR IJ,SMGR-IJ
HMSP IJ,HMSP-IJ
INTP IJ,INTP-IJ
JPFA IJ,JPFA-IJ
SCMA IJ,SCMA-IJ
LSIP IJ,LSIP-IJ
BMRI IJ,BMRI-IJ
PGAS IJ,PGAS-IJ
BBNI IJ,BBNI-IJ
MIKA IJ,MIKA-IJ
MDKA IJ,MDKA-IJ
MNCN IJ,MNCN-IJ
JSMR IJ,JSMR-IJ
ACES IJ,ACES-IJ
ITMG IJ,ITMG-IJ
BSDE IJ,BSDE-IJ
ADRO IJ,ADRO-IJ
BTPS IJ,BTPS-IJ
TOWR IJ,TOWR-IJ
108320 KS,108320-KQ
128940 KS,128940-KP
122990 KS,122990-KQ
057050 KS,057050-KP
081660 KS,081660-KP
069080 KS,069080-KQ
119860 KS,119860-KQ
061970 KS,061970-KQ
011210 KS,011210-KP
020150 KS,020150-KP
139130 KS,139130-KP
138930 KS,138930-KP
139480 KS,139480-KP
053210 KS,053210-KP
071840 KS,071840-KP
047810 KS,047810-KP
031430 KS,031430-KP
122870 KS,122870-KQ
089030 KS,089030-KQ
007070 KS,007070-KP
104830 KS,104830-KQ
078930 KS,078930-KP
001450 KS,001450-KP
034220 KS,034220-KP
018880 KS,018880-KP
001040 KS,001040-KP
035720 KS,035720-KP
035760 KS,035760-KQ
064960 KS,064960-KP
066570 KS,066570-KP
017810 KS,017810-KP
002350 KS,002350-KP
014680 KS,014680-KP
000100 KS,000100-KP
007700 KS,007700-KP
004020 KS,004020-KP
024110 KS,024110-KP
047040 KS,047040-KP
047050 KS,047050-KP
051900 KS,051900-KP
012750 KS,012750-KP
036460 KS,036460-KP
004800 KS,004800-KP
036570 KS,036570-KP
010780 KS,010780-KP
014620 KS,014620-KQ
000270 KS,000270-KP
001430 KS,001430-KP
005880 KS,005880-KP
010130 KS,010130-KP
015760 KS,015760-KP
004000 KS,004000-KP
000880 KS,000880-KP
003490 KS,003490-KP
010060 KS,010060-KP
000120 KS,000120-KP
049770 KS,049770-KP
006260 KS,006260-KP
010120 KS,010120-KP
051500 KS,051500-KQ
069620 KS,069620-KP
069960 KS,069960-KP
064760 KS,064760-KQ
035250 KS,035250-KP
005610 KS,005610-KP
006400 KS,006400-KP
009150 KS,009150-KP
006280 KS,006280-KP
003230 KS,003230-KP
010140 KS,010140-KP
012450 KS,012450-KP
004170 KS,004170-KP
000370 KS,000370-KP
011790 KS,011790-KP
041510 KS,041510-KQ
039130 KS,039130-KP
036420 KS,036420-KP
051910 KS,051910-KP
001680 KS,001680-KP
030000 KS,030000-KP
055550 KS,055550-KP
011780 KS,011780-KP
012510 KS,012510-KP
017960 KS,017960-KP
020000 KS,020000-KP
000810 KS,000810-KP
005830 KS,005830-KP
033290 KS,033290-KQ
006650 KS,006650-KP
021240 KS,021240-KP
033780 KS,033780-KP
042670 KS,042670-KP
042660 KS,042660-KP
000210 KS,000210-KP
006800 KS,006800-KP
071050 KS,071050-KP
007310 KS,007310-KP
002790 KS,002790-KP
005490 KS,005490-KP
003410 KS,003410-KP
011200 KS,011200-KP
010950 KS,010950-KP
009830 KS,009830-KP
002320 KS,002320-KP
016360 KS,016360-KP
017800 KS,017800-KP
011170 KS,011170-KP
008770 KS,008770-KP
009540 KS,009540-KP
012330 KS,012330-KP
000660 KS,000660-KP
000720 KS,000720-KP
005380 KS,005380-KP
010620 KS,010620-KP
060720 KS,060720-KQ
005850 KS,005850-KP
004990 KS,004990-KP
005300 KS,005300-KP
002270 KS,002270-KP
009240 KS,009240-KP
003550 KS,003550-KP
005940 KS,005940-KP
006360 KS,006360-KP
001120 KS,001120-KP
069260 KS,069260-KP
004370 KS,004370-KP
067160 KS,067160-KQ
074600 KS,074600-KQ
028050 KS,028050-KP
005930 KS,005930-KP
000080 KS,000080-KP
097520 KS,097520-KP
161390 KS,161390-KP
161890 KS,161890-KP
037560 KS,037560-KP
042700 KS,042700-KP
064350 KS,064350-KP
175330 KS,175330-KP
089600 KS,089600-KQ
181710 KS,181710-KP
079430 KS,079430-KP
185750 KS,185750-KP
145020 KS,145020-KQ
086790 KS,086790-KP
086280 KS,086280-KP
023530 KS,023530-KP
000060 KS,000060-KP
192820 KS,192820-KP
200130 KS,200130-KQ
008490 KS,008490-KP
009420 KS,009420-KP
204320 KS,204320-KP
166090 KS,166090-KQ
090430 KS,090430-KP
018260 KS,018260-KP
192440 KS,192440-KQ
035900 KS,035900-KQ
112610 KS,112610-KP
178920 KS,178920-KP
028260 KS,028260-KP
213420 KS,213420-KQ
213500 KS,213500-KP
215200 KS,215200-KQ
093050 KS,093050-KP
210980 KS,210980-KP
214320 KS,214320-KP
222800 KS,222800-KQ
091700 KS,091700-KQ
214450 KS,214450-KQ
079550 KS,079550-KP
192080 KS,192080-KP
089590 KS,089590-KP
020560 KS,020560-KP
003670 KS,003670-KP
039490 KS,039490-KP
036490 KS,036490-KQ
060150 KS,060150-KQ
058470 KS,058470-KQ
035420 KS,035420-KP
046890 KS,046890-KQ
033500 KS,033500-KQ
033640 KS,033640-KQ
030190 KS,030190-KQ
056190 KS,056190-KQ
066970 KS,066970-KQ
032640 KS,032640-KP
049070 KS,049070-KQ
060250 KS,060250-KQ
023160 KS,023160-KQ
034230 KS,034230-KQ
068270 KS,068270-KP
080160 KS,080160-KQ
084370 KS,084370-KQ
032830 KS,032830-KP
090460 KS,090460-KQ
092730 KS,092730-KQ
240810 KS,240810-KQ
095660 KS,095660-KQ
029780 KS,029780-KP
086450 KS,086450-KQ
078340 KS,078340-KQ
096770 KS,096770-KP
097950 KS,097950-KP
028670 KS,028670-KP
241590 KS,241590-KP
241560 KS,241560-KP
241710 KS,241710-KQ
051600 KS,051600-KP
216050 KS,216050-KQ
207940 KS,207940-KP
237880 KS,237880-KQ
145720 KS,145720-KP
265520 KS,265520-KQ
251270 KS,251270-KP
267270 KS,267270-KP
267250 KS,267250-KP
267260 KS,267260-KP
267980 KS,267980-KQ
042000 KS,042000-KQ
272290 KS,272290-KQ
091990 KS,091990-KQ
271560 KS,271560-KP
095610 KS,095610-KP
098460 KS,098460-KQ
011070 KS,011070-KP
034730 KS,034730-KP
103140 KS,103140-KP
104700 KS,104700-KP
082640 KS,082640-KP
105560 KS,105560-KP
105630 KS,105630-KP
086900 KS,086900-KQ
108670 KS,108670-KP
263750 KS,263750-KQ
214150 KS,214150-KQ
218410 KS,218410-KQ
280360 KS,280360-KP
253450 KS,253450-KQ
282330 KS,282330-KP
272450 KS,272450-KP
018250 KS,018250-KP
294870 KS,294870-KP
298000 KS,298000-KP
298020 KS,298020-KP
298050 KS,298050-KP
286940 KS,286940-KP
194700 KS,194700-KQ
063080 KS,063080-KQ
053580 KS,053580-KQ
278280 KS,278280-KQ
316140 KS,316140-KP
247540 KS,247540-KQ
307950 KS,307950-KP
319660 KS,319660-KQ
111770 KS,111770-KP
336370 KS,336370-KP
013890 KS,013890-KP
336260 KS,336260-KP
084850 KS,084850-KQ
272210 KS,272210-KP
353200 KS,353200-KP
326030 KS,326030-KP
293490 KS,293490-KQ
352820 KS,352820-KP
114090 KS,114090-KP
112040 KS,112040-KQ
120110 KS,120110-KP
088350 KS,088350-KP
PCHEM MK,5183-MK
HIBI MK,5199-MK
BAB MK,5210-MK
INRI MK,0166-MK
SWB MK,5211-MK
QLG MK,7084-MK
PBK MK,1295-MK
SKP MK,7155-MK
DBB MK,7148-MK
DLG MK,7277-MK
AAGB MK,5099-MK
NESZ MK,4707-MK
PMAH MK,8869-MK
PTG MK,6033-MK
GAM MK,5398-MK
TDC MK,5031-MK
VSI MK,6963-MK
CMS MK,2852-MK
MAHB MK,5014-MK
TNB MK,5347-MK
DIGI MK,6947-MK
HLBK MK,5819-MK
MBS MK,1171-MK
MISC MK,3816-MK
CIMB MK,1023-MK
PENT MK,7160-MK
T MK,4863-MK
AMM MK,1015-MK
IJM MK,3336-MK
KLK MK,2445-MK
MAY MK,1155-MK
MMC MK,2194-MK
MPI MK,3867-MK
PEP MK,4065-MK
BURSA MK,1818-MK
IHH MK,5225-MK
ASTRO MK,6399-MK
DOGT MK,7204-MK
WPRTS MK,5246-MK
FRCB MK,0128-MK
MYEG MK,0138-MK
SUCB MK,7106-MK
GENT MK,3182-MK
GENM MK,4715-MK
IOI MK,1961-MK
MSGB MK,8583-MK
SIME MK,4197-MK
RHBBANK MK,1066-MK
SDH MK,5279-MK
TTNP MK,5284-MK
HART MK,5168-MK
AXIATA MK,6888-MK
SDPL MK,4197-MK
AIB MK,8176-MK
GREATEC MK,0208-MK
MRDIY MK,5296-MK
MAXIS MK,6012-MK
PGOLD PM,PGOLD-PM
GTCAP PM,GTCAP-PM
MBT PM,MBT-PM
BDO PM,BDO-PM
ICT PM,ICT-PM
JGS PM,JGS-PM
ALI PM,ALI-PM
URC PM,URC-PM
ACEN PM,ACEN-PM
AC PM,AC-PM
MEG PM,MEG-PM
TEL PM,TEL-PM
SMPH PM,SMPH-PM
BPI PM,BPI-PM
GLO PM,GLO-PM
SECB PM,SECB-PM
JFC PM,JFC-PM
SM PM,SM-PM
CNPF PM,CNPF-PM
MPI PM,MPI-PM
AP PM,AP-PM
MER PM,MER-PM
CNVRG PM,CNVRG-PM
4938 TT,4938-TT
4147 TT,4147-TT
3661 TT,3661-TT
4142 TT,4142-TT
1789 TT,1789-TT
3673 TT,3673-TT
2723 TT,2723-TT
2231 TT,2231-TT
1590 TT,1590-TT
3665 TT,3665-TT
5871 TT,5871-TT
4966 TT,4966-TT
8436 TT,8436-TT
4536 TT,4536-TT
4958 TT,4958-TT
5269 TT,5269-TT
8406 TT,8406-TT
1785 TT,1785-TT
2059 TT,2059-TT
3374 TT,3374-TT
1303 TT,1303-TT
3376 TT,3376-TT
2633 TT,2633-TT
2610 TT,2610-TT
2105 TT,2105-TT
1305 TT,1305-TT
2002 TT,2002-TT
2301 TT,2301-TT
6176 TT,6176-TT
2912 TT,2912-TT
6279 TT,6279-TT
2327 TT,2327-TT
2609 TT,2609-TT
2014 TT,2014-TT
3152 TT,3152-TT
1795 TT,1795-TT
2421 TT,2421-TT
2439 TT,2439-TT
2313 TT,2313-TT
2324 TT,2324-TT
2356 TT,2356-TT
2345 TT,2345-TT
2353 TT,2353-TT
1402 TT,1402-TT
9910 TT,9910-TT
3042 TT,3042-TT
2357 TT,2357-TT
2379 TT,2379-TT
5347 TT,5347-TT
2618 TT,2618-TT
3035 TT,3035-TT
2474 TT,2474-TT
2355 TT,2355-TT
6239 TT,6239-TT
8299 TT,8299-TT
4126 TT,4126-TT
6278 TT,6278-TT
2303 TT,2303-TT
1304 TT,1304-TT
1319 TT,1319-TT
2006 TT,2006-TT
2337 TT,2337-TT
2809 TT,2809-TT
1736 TT,1736-TT
2892 TT,2892-TT
1477 TT,1477-TT
9914 TT,9914-TT
9938 TT,9938-TT
2603 TT,2603-TT
5371 TT,5371-TT
3045 TT,3045-TT
9921 TT,9921-TT
2454 TT,2454-TT
1707 TT,1707-TT
6147 TT,6147-TT
2884 TT,2884-TT
2317 TT,2317-TT
3231 TT,3231-TT
1565 TT,1565-TT
3227 TT,3227-TT
6285 TT,6285-TT
6269 TT,6269-TT
2330 TT,2330-TT
2605 TT,2605-TT
1102 TT,1102-TT
2377 TT,2377-TT
1723 TT,1723-TT
3037 TT,3037-TT
2385 TT,2385-TT
2382 TT,2382-TT
9933 TT,9933-TT
2408 TT,2408-TT
2412 TT,2412-TT
2409 TT,2409-TT
3044 TT,3044-TT
2383 TT,2383-TT
1476 TT,1476-TT
3034 TT,3034-TT
1301 TT,1301-TT
1326 TT,1326-TT
3023 TT,3023-TT
2449 TT,2449-TT
2393 TT,2393-TT
2368 TT,2368-TT
2456 TT,2456-TT
4105 TT,4105-TT
6121 TT,6121-TT
2885 TT,2885-TT
2882 TT,2882-TT
6244 TT,6244-TT
5388 TT,5388-TT
5306 TT,5306-TT
2395 TT,2395-TT
2360 TT,2360-TT
5434 TT,5434-TT
2308 TT,2308-TT
3189 TT,3189-TT
8215 TT,8215-TT
9904 TT,9904-TT
1216 TT,1216-TT
2351 TT,2351-TT
2354 TT,2354-TT
2881 TT,2881-TT
2880 TT,2880-TT
3005 TT,3005-TT
2455 TT,2455-TT
2886 TT,2886-TT
3008 TT,3008-TT
2887 TT,2887-TT
2888 TT,2888-TT
2891 TT,2891-TT
5904 TT,5904-TT
6196 TT,6196-TT
9951 TT,
6274 TT,6274-TT
6505 TT,6505-TT
3293 TT,3293-TT
1101 TT,1101-TT
2103 TT,2103-TT
1504 TT,1504-TT
3443 TT,3443-TT
3406 TT,3406-TT
5274 TT,5274-TT
6414 TT,6414-TT
6409 TT,6409-TT
3481 TT,3481-TT
SIMO US,SIMO
5876 TT,5876-TT
3706 TT,3706-TT
4137 TT,4137-TT
4551 TT,4551-TT
8454 TT,8454-TT
3081 TT,3081-TT
8046 TT,8046-TT
6462 TT,6462-TT
6488 TT,6488-TT
6510 TT,6510-TT
8464 TT,8464-TT
3533 TT,3533-TT
6456 TT,6456-TT
6271 TT,6271-TT
6541 TT,6541-TT
4904 TT,4904-TT
9958 TT,9958-TT
8086 TT,8086-TT
2049 TT,2049-TT
3545 TT,3545-TT
3576 TT,3576-TT
3596 TT,3596-TT
3529 TT,3529-TT
4736 TT,4736-TT
6669 TT,6669-TT
6679 TT,6679-TT
3711 TT,3711-TT
6706 TT,6706-TT
6732 TT,6732-TT
6743 TT,6743-TT
3105 TT,3105-TT
4915 TT,4915-TT
TCAP TB,TCAP-TB
KTB TB,KTB-TB
DELTA TB,DELTA-TB
BTS TB,BTS-TB
EA TB,EA-TB
AWC TB,AWC-TB
STGT TB,STGT-TB
IVL TB,IVL-TB
ECN CN,ECN-CT
BIP-U CN,BIP.UN-CT
OGC CN,OGC-CT
AEM CN,AEM-CT
ACO/X CN,ACO.X-CT
ABX CN,ABX-CT
BCE CN,BCE-CT
BAM/A CN,BAM.A-CT
T CN,T-CT
MFI CN,MFI-CT
CNR CN,CNR-CT
CP CN,CP-CT
CTC/A CN,CTC.A-CT
RUS CN,RUS-CT
FTT CN,FTT-CT
IMO CN,IMO-CT
ENB CN,ENB-CT
L CN,L-CT
MG CN,MG-CT
K CN,K-CT
POW CN,POW-CT
QBR/B CN,QBR.B-CT
RCI/B CN,RCI.B-CT
TECK/B CN,TECK.B-CT
TRP CN,TRP-CT
WN CN,WN-CT
SOY CN,SOY-CT
MX CN,MX-CT
CFP CN,CFP-CT
CCL/B CN,CCL.B-CT
EMP/A CN,EMP.A-CT
ONEX CN,ONEX-CT
WFG CN,WFG-CT
IGM CN,IGM-CT
SNC CN,SNC-CT
SJR/B CN,SJR.B-CT
FTS CN,FTS-CT
TA CN,TA-CT
CU CN,CU-CT
X CN,X-CT
TIH CN,TIH-CT
IFP CN,IFP-CT
PKI CN,PKI-CT
CNQ CN,CNQ-CT
SU CN,SU-CT
TCL/A CN,TCL.A-CT
BMO CN,BMO-CT
CM CN,CM-CT
BNS CN,BNS-CT
NA CN,NA-CT
RY CN,RY-CT
TRI CN,TRI-CT
TD CN,TD-CT
IVN CN,IVN-CT
FFH CN,FFH-CT
GWO CN,GWO-CT
LB CN,LB-CT
NTR CN,NTR-CT
NXE CN,NXE-CT
EQX CN,EQX-CT
RNW CN,RNW-CT
ARE CN,ARE-CT
DPM CN,DPM-CT
WEED CN,WEED-CT
ERF CN,ERF-CT
OSK CN,OSK-CT
CWB CN,CWB-CT
HCG CN,HCG-CT
LNR CN,LNR-CT
PAAS CN,PAAS-CT
PSK CN,PSK-CT
KXS CN,KXS-CT
WPK CN,WPK-CT
OGI CN,OGI-CT
GIB/A CN,GIB.A-CT
MRU CN,MRU-CT
CRON CN,CRON-CT
SHOP CN,SHOP-CT
NWC CN,NWC-CT
FSV CN,FSV-CT
CCO CN,CCO-CT
ITP CN,ITP-CT
H CN,H-CT
ZZZ CN,ZZZ-CT
TOY CN,TOY-CT
EMA CN,EMA-CT
SIL CN,SIL-CT
ELD CN,ELD-CT
SSRM CN,SSRM-CT
TXG CN,TXG-CT
CIGI CN,CIGI-CT
CCA CN,CCA-CT
RCH CN,RCH-CT
BLDP CN,BLDP-CT
GSY CN,GSY-CT
BHC CN,BHC-CT
STN CN,STN-CT
VET CN,VET-CT
CIX CN,CIX-CT
SJ CN,SJ-CT
GOOS CN,GOOS-CT
MTL CN,MTL-CT
REAL CN,REAL-CT
YRI CN,YRI-CT
JWEL CN,JWEL-CT
ERO CN,ERO-CT
LSPD CN,LSPD-CT
GFL CN,GFL-CT
OTEX CN,OTEX-CT
IMG CN,IMG-CT
TRQ CN,TRQ-CT
ENGH CN,ENGH-CT
PBH CN,PBH-CT
LIF CN,LIF-CT
NPI CN,NPI-CT
ATD/B CN,ATD.B-CT
DML CN,DML-CT
MRE CN,MRE-CT
RBA CN,RBA-CT
SAP CN,SAP-CT
SPB CN,SPB-CT
BB CN,BB-CT
IPL CN,IPL-CT
DSG CN,DSG-CT
WTE CN,WTE-CT
ARX CN,ARX-CT
BDGI CN,BDGI-CT
BLX CN,BLX-CT
KL CN,KL-CT
WPM CN,WPM-CT
NGD CN,NGD-CT
SEA CN,SEA-CT
FM CN,FM-CT
FVI CN,FVI-CT
EDR CN,EDR-CT
OR CN,OR-CT
HBM CN,HBM-CT
LUN CN,LUN-CT
SVM CN,SVM-CT
FR CN,FR-CT
WPRT CN,WPRT-CT
WCN CN,WCN-CT
GIL CN,GIL-CT
CLS CN,CLS-CT
AQN CN,AQN-CT
ALA CN,ALA-CT
CJR/B CN,CJR.B-CT
AGI CN,AGI-CT
MFC CN,MFC-CT
BYD CN,BYD-CT
CS CN,CS-CT
WDO CN,WDO-CT
IAG CN,IAG-CT
PPL CN,PPL-CT
SLF CN,SLF-CT
MAG CN,MAG-CT
BEP-U CN,BEP.UN-CT
CPG CN,CPG-CT
TFII CN,TFII-CT
EIF CN,EIF-CT
KEY CN,KEY-CT
INE CN,INE-CT
VFF CN,VFF-CT
CG CN,CG-CT
IFC CN,IFC-CT
DOO CN,DOO-CT
AIF CN,AIF-CT
CJT CN,CJT-CT
AC CN,AC-CT
QSR CN,QSR-CT
NFI CN,NFI-CT
CSU CN,CSU-CT
SSL CN,SSL-CT
FNV CN,FNV-CT
BTO CN,BTO-CT
SII CN,SII-CT
LAC CN,LAC-CT
CPX CN,CPX-CT
DOL CN,DOL-CT
CVE CN,CVE-CT
PXT CN,PXT-CT
SIA CN,SIA-CT
TCN CN,TCN-CT
WCP CN,WCP-CT
MEG CN,MEG-CT
TOU CN,TOU-CT
PVG CN,PVG-CT
ATZ CN,ATZ-CT
GEI CN,GEI-CT
WSP CN,WSP-CT
MONET CP,MONET-CK
KOMB CP,KOMB-CK
CEZ CP,CEZ-CK
ALPHA GA,ALPHA-GA
LAMDA GA,LAMDA-GA
BELA GA,BELA-GA
OPAP GA,OPAP-GA
HTO GA,HTO-GA
MYTIL GA,MYTIL-GA
TENERGY GA,TENERGY-GA
OTP HB,OTP-HB
RICHT HB,
MOL HB,MOL-HB
PZU PW,PZU-PW
CDR PW,CDR-PW
TPE PW,TPE-PW
KRU PW,KRU-PW
JSW PW,JSW-PW
PKO PW,PKO-PW
CCC PW,CCC-PW
OPL PW,OPL-PW
ACP PW,ACP-PW
MBK PW,MBK-PW
MIL PW,MIL-PW
SPL PW,SPL-PW
KGH PW,KGH-PW
PKN PW,PKN-PW
LPP PW,LPP-PW
PEO PW,PEO-PW
ALR PW,ALR-PW
LTS PW,LTS-PW
PGN PW,PGN-PW
LVC PW,LVC-PW
DNP PW,DNP-PW
CPS PW,CPS-PW
ENA PW,ENA-PW
TEN PW,TEN-PW
PGE PW,PGE-PW
LHC SJ,
RBP SJ,
MTM SJ,
NPN SJ,NPN-AJ
NED SJ,
NTC SJ,
SBK SJ,SBK-AJ
SPP SJ,
LBH SJ,
WHL SJ,
DSY SJ,
APN SJ,APN-AJ
TKG SJ,
ABG SJ,
SPG SJ,
AVI SJ,AVI-AJ
ARI SJ,ARI-AJ
MSM SJ,
REM SJ,
MTN SJ,
ANG SJ,
SAP SJ,
SOL SJ,SOL-AJ
TBS SJ,
MRP SJ,MRP-AJ
TFG SJ,
NHM SJ,
BVT SJ,
CLS SJ,
EXX SJ,
PIK SJ,
SHP SJ,
HAR SJ,
CPI SJ,
AMS SJ,
BAW SJ,
TRU SJ,
GFI SJ,
FSR SJ,
TCP SJ,TCP-AJ
IPL SJ,
IMP SJ,
KIO SJ,
BID SJ,
DCP SJ,
NRP SJ,NRP-AJ
PPH SJ,
VOD SJ,
DGH SJ,
OMU SJ,
MTH SJ,
MCG SJ,
CCOLA TI,CCOLA-TI
AGHOL TI,AGHOL-TI
KCHOL TI,KCHOL-TI
FROTO TI,FROTO-TI
ENKAI TI,ENKAI-TI
TCELL TI,TCELL-TI
AKBNK TI,AKBNK-TI
GARAN TI,GARAN-TI
BIMAS TI,BIMAS-TI
TOASO TI,TOASO-TI
ISCTR TI,ISCTR-TI
TSKB TI,TSKB-TI
YKBNK TI,YKBNK-TI
SISE TI,SISE-TI
AEFES TI,AEFES-TI
TUPRS TI,TUPRS-TI
THYAO TI,THYAO-TI
OTKAR TI,OTKAR-TI
SAHOL TI,SAHOL-TI
ARCLK TI,ARCLK-TI
AYGAZ TI,AYGAZ-TI
EREGL TI,EREGL-TI
KORDS TI,KORDS-TI
LOGO TI,LOGO-TI
TTRAK TI,TTRAK-TI
ULKER TI,ULKER-TI
YATAS TI,YATAS-TI
VAKBN TI,VAKBN-TI
SELEC TI,SELEC-TI
ASELS TI,ASELS-TI
TAVHL TI,TAVHL-TI
MAVI TI,MAVI-TI
TTKOM TI,TTKOM-TI
ENJSA TI,ENJSA-TI
MPARK TI,MPARK-TI
SOKM TI,SOKM-TI
MGROS TI,MGROS-TI
KOZAL TI,KOZAL-TI
WIE AV,WIE-AV
EVN AV,EVN-AV
UQA AV,UQA-AV
LNZ AV,LNZ-AV
VOE AV,VOE-AV
OMV AV,OMV-AV
VER AV,VER-AV
EBS AV,EBS-AV
IIA AV,IIA-AV
SPI AV,SPI-AV
CAI AV,CAI-AV
SBO AV,SBO-AV
RBI AV,RBI-AV
VIG AV,VIG-AV
POST AV,POST-AV
ANDR AV,ANDR-AV
ATS AV,ATS-AV
BG AV,BG-AV
PROX BB,PROX-BB
EURN BB,EURN-BB
REC BB,REC-BB
BAR BB,BAR-BB
BEKB BB,BEKB-BB
UMI BB,UMI-BB
DIE BB,DIE-BB
MELE BB,MELE-BB
SOF BB,SOF-BB
SOLB BB,SOLB-BB
KIN BB,KIN-BB
UCB BB,UCB-BB
ACKB BB,ACKB-BB
COLR BB,COLR-BB
KBC BB,KBC-BB
GBLB BB,GBLB-BB
AGS BB,AGS-BB
GLPG NA,GLPG-NA
ELI BB,ELI-BB
TNET BB,TNET-BB
BPOST BB,BPOST-BB
ONTEX BB,ONTEX-BB
MTLS US,MTLS
MITRA BB,MITRA-BB
ABI BB,ABI-BB
VGP BB,VGP-BB
SHUR BB,SHUR-BB
CHR DC,CHR-DC
PNDORA DC,PNDORA-DC
JYSK DC,JYSK-DC
HH DC,HH-DC
BAVA DC,BAVA-DC
ROCKB DC,ROCK B-DC
DEMANT DC,DEMANT-DC
VWS DC,VWS-DC
MAERSKB DC,MAERSK B-DC
BO DC,BO-DC
CARLB DC,CARL B-DC
GN DC,GN-DC
AMBUB DC,AMBU B-DC
DANSKE DC,DANSKE-DC
GMAB DC,GMAB-DC
NZYMB DC,NZYM B-DC
RBREW DC,RBREW-DC
PAALB DC,PAAL B-DC
FLS DC,FLS-DC
TOP DC,TOP-DC
SIM DC,SIM-DC
NOVOB DC,NOVO B-DC
LUN DC,LUN-DC
NKT DC,NKT-DC
COLOB DC,COLO B-DC
SYDB DC,SYDB-DC
TRYG DC,TRYG-DC
MATAS DC,MATAS-DC
ZEAL DC,ZEAL-DC
ALKB DC,ALK B-DC
ISS DC,ISS-DC
RILBA DC,RILBA-DC
SPNO DC,SPNO-DC
ASND US,ASND
STG DC,STG-DC
ORSTED DC,ORSTED-DC
DSV DC,DSV-DC
NLFSK DC,NLFSK-DC
NETC DC,NETC-DC
DRLCO DC,DRLCO-DC
ELISA FH,ELISA-FH
NOKIA FH,NOKIA-FH
FORTUM FH,FORTUM-FH
KEMIRA FH,KEMIRA-FH
WRT1V FH,WRT1V-FH
SAMPO FH,SAMPO-FH
UPONOR FH,UPONOR-FH
KESKOB FH,KESKOB-FH
CTY1S FH,CTY1S-FH
UPM FH,UPM-FH
TYRES FH,TYRES-FH
OUT1V FH,OUT1V-FH
HUH1V FH,HUH1V-FH
METSB FH,METSB-FH
STERV FH,STERV-FH
TIETO FH,TIETO-FH
NESTE FH,NESTE-FH
KNEBV FH,KNEBV-FH
CGCBV FH,CGCBV-FH
VALMT FH,VALMT-FH
KCR FH,KCR-FH
YIT FH,YIT-FH
ORNBV FH,ORNBV-FH
TOKMAN FH,TOKMAN-FH
QTCOM FH,QTCOM-FH
ROVIO FH,ROVIO-FH
KOJAMO FH,KOJAMO-FH
MUSTI FH,MUSTI-FH
NELES FH,NELES-FH
MOCORP FH,MOCORP-FH
EDEN FP,EDEN-FP
NK FP,NK-FP
VLA FP,VLA-FP
BIM FP,BIM-FP
NXI FP,NXI-FP
PUB FP,PUB-FP
EO FP,EO-FP
ORA FP,ORA-FP
RUI FP,RUI-FP
FR FP,FR-FP
CRI FP,CRI-FP
RF FP,RF-FP
AC FP,AC-FP
DSY FP,DSY-FP
CNP FP,CNP-FP
MMT FP,MMT-FP
TFI FP,TFI-FP
TEP FP,TEP-FP
GLE FP,GLE-FP
DBG FP,DBG-FP
TRI FP,TRI-FP
SU FP,SU-FP
VIV FP,VIV-FP
EN FP,EN-FP
CGG FP,CGG-FP
DIM FP,DIM-FP
SK FP,SK-FP
ORP FP,ORP-FP
SGO FP,SGO-FP
MF FP,MF-FP
SOP FP,SOP-FP
CA FP,CA-FP
ATO FP,ATO-FP
VCT FP,VCT-FP
AIR FP,AIR-FP
ERA FP,ERA-FP
VIE FP,VIE-FP
OR FP,OR-FP
AM FP,AM-FP
HO FP,HO-FP
CAP FP,CAP-FP
CO FP,CO-FP
ITP FP,ITP-FP
ILD FP,ILD-FP
BOL FP,BOL-FP
POM FP,POM-FP
MMB FP,MMB-FP
RI FP,RI-FP
BB FP,BB-FP
RMS FP,RMS-FP
MRN FP,MRN-FP
RXL FP,RXL-FP
KER FP,KER-FP
ATE FP,ATE-FP
QDT FP,QDT-FP
EL FP,EL-FP
ACA FP,ACA-FP
VIRP FP,VIRP-FP
SW FP,SW-FP
CS FP,CS-FP
NEX FP,NEX-FP
DEC FP,DEC-FP
BEN FP,BEN-FP
BNP FP,BNP-FP
MC FP,MC-FP
SOI FP,SOI-FP
ML FP,ML-FP
RNO FP,RNO-FP
RCO FP,RCO-FP
SAN FP,SAN-FP
SAF FP,SAF-FP
ENGI FP,ENGI-FP
ALO FP,ALO-FP
FNAC FP,FNAC-FP
ETL FP,ETL-FP
EDF FP,EDF-FP
CRTO US,CRTO
IPN FP,IPN-FP
TKTT FP,TKTT-FP
GTT FP,GTT-FP
ELIOR FP,ELIOR-FP
WLN FP,WLN-FP
COFA FP,COFA-FP
VLTSA FP,VLTSA-FP
KOF FP,KOF-FP
FGR FP,FGR-FP
AKE FP,AKE-FP
TTE FP,TTE-FP
ADP FP,ADP-FP
IPS FP,IPS-FP
ABIO FP,ABIO-FP
VK FP,VK-FP
ELIS FP,ELIS-FP
KORI FP,KORI-FP
SPIE FP,SPIE-FP
EUCAR FP,EUCAR-FP
UBI FP,UBI-FP
SCR FP,SCR-FP
ALCLS FP,ALCLS-FP
AMUN FP,AMUN-FP
AKA FP,AKA-FP
MDM FP,MDM-FP
DG FP,DG-FP
BN FP,BN-FP
AI FP,AI-FP
BVI FP,BVI-FP
GET FP,GET-FP
XFAB FP,XFAB-FP
ALD FP,ALD-FP
SEV FP,SEV-FP
SMCP FP,SMCP-FP
LR FP,LR-FP
NEOEN FP,NEOEN-FP
VRLA FP,VRLA-FP
FDJ FP,FDJ-FP
BNR GR,BNR-GY
SAX GR,SAX-GY
NOEJ GR,NOEJ-GY
SMHN GR,SMHN-GY
BOSS GR,BOSS-GY
TLX GR,TLX-GY
O2D GR,O2D-GY
GYC GR,GYC-GY
LEG GR,LEG-GY
EVK GR,EVK-GY
KGX GR,KGX-GY
VNA GR,VNA-GY
DIC GR,DIC-GY
STM GR,STM-GY
ZAL GR,ZAL-GY
HLE GR,HLE-GY
WAF GR,WAF-GY
ADJ GR,ADJ-GY
PBB GR,PBB-GY
SBS GR,SBS-GY
G24 GR,G24-GY
1COV GR,1COV-GY
SHA GR,SHA-GY
HBH GR,HBH-GY
CCAP GR,CCAP-GY
HLAG GR,HLAG-GY
ADS GR,ADS-GY
CBK GR,CBK-GY
FRE GR,FRE-GY
UTDI GR,UTDI-GY
FIE GR,FIE-GY
HNR1 GR,HNR1-GY
G1A GR,G1A-GY
DEZ GR,DEZ-GY
PSM GR,PSM-GY
CON GR,CON-GY
DPW GR,DPW-GY
BVB GR,BVB-GY
MRK GR,MRK-GY
DEQ GR,DEQ-GY
RWE GR,RWE-GY
SGL GR,SGL-GY
SAP GR,SAP-GY
EOAN GR,EOAN-GY
CEC GR,CEC-GY
PUM GR,PUM-GY
BAYN GR,BAYN-GY
BAS GR,BAS-GY
BEI GR,BEI-GY
HOT GR,HOT-GY
GBF GR,GBF-GY
DUE GR,DUE-GY
HEI GR,HEI-GY
FME GR,FME-GY
ZIL2 GR,ZIL2-GY
ALV GR,ALV-GY
SIX2 GR,SIX2-GY
LHA GR,LHA-GY
MUV2 GR,MUV2-GY
RHM GR,RHM-GY
HDD GR,HDD-GY
SZG GR,SZG-GY
AIXA GR,AIXA-GY
JEN GR,JEN-GY
VOW GR,VOW-GY
KRN GR,KRN-GY
DAI GR,DAI-GY
MOR GR,MOR-GY
JUN3 GR,JUN3-GY
NEM GR,NEM-GY
ADV GR,ADV-GY
TPE GR,TPE-GY
GFT GR,GFT-GY
SIE GR,SIE-GY
DBK GR,DBK-GY
BMW GR,BMW-GY
SDF GR,SDF-GY
TTK GR,TTK-GY
COK GR,COK-GY
LEO GR,LEO-GY
SZU GR,SZU-GY
VAR1 GR,VAR1-GY
EVT GR,EVT-GY
DTE GR,DTE-GY
SRT3 GR,SRT3-GY
EVD GR,EVD-GY
IFX GR,IFX-GY
RAA GR,RAA-GY
AFX GR,AFX-GY
AOF GR,AOF-GY
BC8 GR,BC8-GY
DLG GR,DLG-GY
DB1 GR,DB1-GY
FRA GR,FRA-GY
ARL GR,ARL-GY
LXS GR,LXS-GY
NDX1 GR,NDX1-GY
MTX GR,MTX-GY
DWNI GR,DWNI-GY
WCH GR,WCH-GY
KCO GR,KCO-GY
CE2 GR,CE2-GY
VBK GR,VBK-GY
SY1 GR,SY1-GY
F3C GR,F3C-GY
AR4 GR,AR4-GY
NB2 GR,NB2-GY
UN01 GR,UN01-GY
SAE GR,SAE-GY
FTK GR,FTK-GY
DHER GR,DHER-GY
COP GR,COP-GY
WAC GR,WAC-GY
FNTN GR,FNTN-GY
GXI GR,GXI-GY
ST5 GR,ST5-GY
SFQ GR,SFQ-GY
HHFA GR,HHFA-GY
HYQ GR,HYQ-GY
ZO1 GR,ZO1-GY
S92 GR,S92-GY
B4B GR,B4B-GY
AT1 GR,AT1-GY
SOW GR,SOW-GY
HFG GR,HFG-GY
BFSA GR,BFSA-GY
1U1 GR,1U1-GY
DMP GR,DMP-GY
INS GR,INS-GY
SHL GR,SHL-GY
DWS GR,DWS-GY
KBX GR,KBX-GY
ECV GR,ECV-GY
JMIA US,JMIA
8TRA GR,8TRA-GY
TMV GR,TMV-GY
BNTX US,BNTX
HAG GR,HAG-GY
KYGA ID,KRZ-ID
FLTR ID,FLTR-ID
GLB ID,GL9-ID
CRH ID,CRG-ID
KSP ID,KRX-ID
DHG ID,DHG-ID
RYA ID,RY4C-ID
SKG ID,SK3-ID
BIRG ID,BIRG-ID
GVR ID,GVR-ID
AIBG ID,A5G-ID
UPR ID,UPR-ID
AZRG IT,AZRG-IT
FIBI IT,FIBI-IT
ICL IT,ICL-IT
MZTF IT,MZTF-IT
PTNR IT,PTNR-IT
MLSR IT,MLSR-IT
POLI IT,POLI-IT
LUMI IT,LUMI-IT
STRS IT,STRS-IT
BEZQ IT,BEZQ-IT
DSCT IT,DSCT-IT
NICE IT,NICE-IT
SAE IT,SAE-IT
RDHL US,RDHL
TEVA US,TEVA
RMLI IT,RMLI-IT
SFER IM,SFER-IM
BC IM,BC-IM
TRN IM,TRN-IM
AZM IM,AZM-IM
SRS IM,SRS-IM
ERG IM,ERG-IM
UCG IM,UCG-IM
IRE IM,IRE-IM
REY IM,REY-IM
MS IM,MS-IM
UNI IM,UNI-IM
US IM,US-IM
G IM,G-IM
BPSO IM,BPSO-IM
BPE IM,BPE-IM
ISP IM,ISP-IM
BRE IM,BRE-IM
MB IM,MB-IM
CASS IM,CASS-IM
DLG IM,DLG-IM
PRT IM,PRT-IM
HER IM,HER-IM
TOD IM,TOD-IM
IP IM,IP-IM
AGL IM,AGL-IM
A2A IM,A2A-IM
ACE IM,ACE-IM
BZU IM,BZU-IM
IF IM,IF-IM
SRG IM,SRG-IM
TIT IM,TIT-IM
ATL IM,ATL-IM
CE IM,CE-IM
ENEL IM,ENEL-IM
ENI IM,ENI-IM
CEM IM,CEM-IM
TEN IM,TEN-IM
WBD IM,WBD-IM
REC IM,REC-IM
CPR IM,CPR-IM
MARR IM,MARR-IM
LDO IM,LDO-IM
SES IM,SES-IM
TIP IM,TIP-IM
SFL IM,SFL-IM
MONC IM,MONC-IM
ANIM IM,ANIM-IM
FBK IM,FBK-IM
CERV IM,CERV-IM
TNXT IM,TNXT-IM
AMP IM,AMP-IM
PIA IM,PIA-IM
RWAY IM,RWAY-IM
OVS IM,OVS-IM
BGN IM,BGN-IM
INW IM,INW-IM
PST IM,PST-IM
BMED IM,BMED-IM
TGYM IM,TGYM-IM
PRY IM,PRY-IM
DIA IM,DIA-IM
ENAV IM,ENAV-IM
IG IM,IG-IM
MT IM,MT-IM
EXO IM,EXO-IM
BAMI IM,BAMI-IM
BFF IM,BFF-IM
DOV IM,DOV-IM
DIB IM,DIB-IM
FILA IM,FILA-IM
PIRC IM,PIRC-IM
NEXI IM,NEXI-IM
SL IM,SL-IM
STLA IM,STLA-IM
ACCEL NA,ACCEL-NA
KPN NA,KPN-NA
BESI NA,BESI-NA
RAND NA,RAND-NA
PHIA NA,PHIA-NA
HEIO NA,HEIO-NA
HEIA NA,HEIA-NA
ASM NA,ASM-NA
WKL NA,WKL-NA
ORDI NA,ORDI-NA
PNL NA,PNL-NA
ARCAD NA,ARCAD-NA
CRBN NA,CRBN-NA
VPK NA,VPK-NA
AGN NA,AGN-NA
ASML NA,ASML-NA
AD NA,AD-NA
AKZA NA,AKZA-NA
SBMO NA,SBMO-NA
TOM2 NA,TOM2-NA
OCI NA,OCI-NA
DSM NA,DSM-NA
IMCD NA,IMCD-NA
NN NA,NN-NA
BAMNB NA,BAMNB-NA
GVNV NA,GVNV-NA
FLOW NA,FLOW-NA
INTER NA,INTER-NA
ABN NA,ABN-NA
SLIGR NA,SLIGR-NA
LIGHT NA,LIGHT-NA
AALB NA,AALB-NA
TWEKA NA,TWEKA-NA
BOKA NA,BOKA-NA
BFIT NA,BFIT-NA
ASRNL NA,ASRNL-NA
AMG NA,AMG-NA
INGA NA,INGA-NA
TKWY NA,TKWY-NA
ALFEN NA,ALFEN-NA
ADYEN NA,ADYEN-NA
PRX NA,PRX-NA
CMCOM NA,CMCOM-NA
JDEP NA,JDEP-NA
GJF NO,GJF-NO
NRS NO,NRS-NO
NANO NO,NANO-NO
NOD NO,NOD-NO
NEL NO,NEL-NO
AKER NO,AKER-NO
ACR NO,ACR-NO
MOWI NO,MOWI-NO
KOG NO,KOG-NO
LSG NO,LSG-NO
SRBNK NO,SRBNK-NO
STB NO,STB-NO
SCHA NO,SCHA-NO
YAR NO,YAR-NO
TOM NO,TOM-NO
TEL NO,TEL-NO
SUBC NO,SUBC-NO
EQNR NO,EQNR-NO
BRG NO,BRG-NO
MING NO,MING-NO
ODL NO,ODL-NO
AVANCE NO,AVANCE-NO
BWO NO,BWO-NO
AKSO NO,AKSO-NO
NHY NO,NHY-NO
SCATC NO,SCATC-NO
XXL NO,XXL-NO
ENTRA NO,ENTRA-NO
ATEA NO,ATEA-NO
AUSS NO,AUSS-NO
TGS NO,TGS-NO
DNO NO,DNO-NO
EPR NO,EPR-NO
PGS NO,PGS-NO
SBANK NO,SBANK-NO
ORK NO,ORK-NO
SALM NO,SALM-NO
GSF NO,GSF-NO
FLNG NO,FLNG-NO
ASA NO,ASA-NO
ELK NO,ELK-NO
ADE NO,ADE-NO
AKRBP NO,AKRBP-NO
NVG PL,NVG-PL
SON PL,SON-PL
NOS PL,NOS-PL
BCP PL,BCP-PL
EDP PL,
CTT PL,CTT-PL
ALTR PL,ALTR-PL
GALP PL,GALP-PL
JMT PL,JMT-PL
RENE PL,RENE-PL
EDPR PL,
AMS SM,AMS-SN
GRF SM,GRF-SA
TL5 SM,TL5-SA
ACX SM,ACX-SA
FER SM,FER-SA
ANA SM,ANA-SA
CAF SM,CAF-SA
ENG SM,ENG-SA
VIS SM,VIS-SA
NTGY SM,NTGY-SA
IDR SM,IDR-SA
REP SM,REP-SA
ELE SM,ELE-SA
EBRO SM,EBRO-SA
BKT SM,BKT-SA
SCYR SM,SCYR-SA
FAE SM,FAE-SA
ZOT SM,ZOT-SA
REE SM,REE-SA
MEL SM,MEL-SA
FCC SM,FCC-SA
ITX SM,ITX-SA
PSG SM,PSG-SA
BBVA SM,BBVA-SA
SAN SM,SAN-SA
TEF SM,TEF-SA
ACS SM,ACS-SA
EDR SM,EDR-SA
APPS SM,APPS-SN
LOG SM,LOG-SA
CIE SM,CIE-SA
TRE SM,TRE-SA
AENA SM,AENA-SA
CLNX SM,CLNX-SA
MAP SM,MAP-SA
GRE SM,GRE-SA
PHM SM,PHM-SA
ENC SM,ENC-SA
SAB SM,SAB-SA
SLR SM,SLR-SA
ALM SM,ALM-SA
UNI SM,UNI-SA
IBE SM,IBE-SA
CABK SM,CABK-SA
FDR SM,FDR-SN
GEST SM,GEST-SA
SGRE SM,SGRE-SA
SPK SM,SPK-SA
CLASB SS,CLAS B-SS
TRELB SS,TREL B-SS
HMB SS,HM B-SS
ASSAB SS,ASSA B-SS
SHBA SS,SHB A-SS
LUNDB SS,LUND B-SS
WALLB SS,WALL B-SS
SECUB SS,SECU B-SS
ERICB SS,ERIC B-SS
HUFVA SS,HUFV A-SS
SWEDA SS,SWED A-SS
INTRUM SS,INTRUM-SS
HOLMB SS,HOLM B-SS
TELIA SS,TELIA-SS
EKTAB SS,EKTA B-SS
PEABB SS,PEAB B-SS
AZA SS,AZA-SS
NOLAB SS,NOLA B-SS
SWMA SS,SWMA-SS
TEL2B SS,TEL2 B-SS
VITR SS,VITR-SS
LUNE SS,LUNE-SS
NCCB SS,NCC B-SS
SEBA SS,SEB A-SS
MYCR SS,MYCR-SS
SAABB SS,SAAB B-SS
BIOGB SS,BIOG B-SS
BALDB SS,BALD B-SS
AXFO SS,AXFO-SS
BILL SS,BILL-SS
GETIB SS,GETI B-SS
SAS SS,SAS-SS
SKAB SS,SKA B-SS
ALFA SS,ALFA-SS
AAK SS,AAK-SS
INDT SS,INDT-SS
ICA SS,ICA-SS
STORYB SS,STORY B-SS
SCST SS,SCST-SS
HUSQB SS,HUSQ B-SS
CATE SS,CATE-SS
CAST SS,CAST-SS
AFB SS,AF B-SS
KLED SS,KLED-SS
INWI SS,INWI-SS
WIHL SS,WIHL-SS
GRNG SS,GRNG-SS
THULE SS,THULE-SS
NIBEB SS,NIBE B-SS
LIFCOB SS,LIFCO B-SS
JM SS,JM-SS
SSABA SS,SSAB A-SS
MTGB SS,MTG B-SS
PCELL SS,PCELL-SS
HOFI SS,HOFI-SS
EVO SS,EVO-SS
SOBI SS,SOBI-SS
KINDSDB SS,
LIAB SS,LIAB-SS
COOR SS,COOR-SS
PNDXB SS,PNDX B-SS
NOBINA SS,NOBINA-SS
ELUXB SS,ELUX B-SS
BRAV SS,BRAV-SS
DOM SS,DOM-SS
ATT SS,ATT-SS
CAMX SS,CAMX-SS
BONAVB SS,BONAV B-SS
LEO SS,LEO-SS
RESURS SS,RESURS-SS
SAND SS,SAND-SS
ATCOA SS,ATCO A-SS
SCAB SS,SCA B-SS
SKFB SS,SKF B-SS
VOLVB SS,VOLV B-SS
NOBI SS,NOBI-SS
BOL SS,BOL-SS
HEXAB SS,HEXA B-SS
PDX SS,PDX-SS
FABG SS,FABG-SS
LATOB SS,LATO B-SS
ACAD SS,ACAD-SS
HNSA SS,HNSA-SS
HMS SS,HMS-SS
EMBRACB SS,EMBRAC B-SS
ONCO SS,ONCO-SS
SDIPB SS,SDIP B-SS
INSTAL SS,INSTAL-SS
MTRS SS,MTRS-SS
ESSITYB SS,ESSITY B-SS
MCOVB SS,MCOV B-SS
BOOZT SS,BOOZT-SS
HPOLB SS,HPOL B-SS
LOOMIS SS,LOOMIS-SS
SBBB SS,SBB B-SS
BIOAB SS,BIOA B-SS
ARJOB SS,ARJO B-SS
BHG SS,BHG-SS
SF SS,SF-SS
NYF SS,NYF-SS
NENTB SS,NENT B-SS
INDUC SS,INDU C-SS
EQT SS,EQT-SS
EPROB SS,EPRO B-SS
SWECB NA,
AUTN SW,AUTN-SE
DKSH SW,DKSH-SE
BKW SW,BKW-SE
BSLN SW,BSLN-SE
KARN SW,KARN-SE
PSPN SW,PSPN-SE
GUR SW,GUR-SE
INRN SW,INRN-SE
EMMN SW,EMMN-SE
FI-N SW,FI-N-SE
DOKA SW,DOKA-SE
SCMN SW,SCMN-SE
COTN SW,COTN-SE
RIEN SW,RIEN-SE
LISN SW,LISN-SE
SUN SW,SUN-SE
KOMN SW,KOMN-SE
GIVN SW,GIVN-SE
SWTQ SW,SWTQ-SE
BEAN SW,BEAN-SE
VALN SW,VALN-SE
BYS SW,BYS-SE
BANB SW,BANB-SE
SOON SW,SOON-SE
STMN SW,STMN-SE
UHR SW,UHR-SE
HELN SW,HELN-SE
OERL SW,OERL-SE
IFCN SW,IFCN-SE
SGSN SW,SGSN-SE
BARN SW,BARN-SE
ALLN SW,ALLN-SE
SPSN SW,SPSN-SE
FHZN SW,FHZN-SE
BOBNN SW,BOBNN-SE
SFZN SW,SFZN-SE
SLHN SW,SLHN-SE
EMSN SW,EMSN-SE
NOVN SW,NOVN-SE
ABBN SW,ABBN-SE
ROG SW,ROG-SE
HOLN SW,HOLN-SE
TECN SW,TECN-SE
CLN SW,CLN-SE
VONN SW,VONN-SE
BALN SW,BALN-SE
ARBN SW,ARBN-SE
HUBN SW,HUBN-SE
TEMN SW,TEMN-SE
LONN SW,LONN-SE
VATN SW,VATN-SE
VIFN SW,VIFN-SE
ZURN SW,ZURN-SE
ADEN SW,ADEN-SE
NESN SW,NESN-SE
CSGN SW,CSGN-SE
BUCN SW,BUCN-SE
LEON SW,LEON-SE
ALSN SW,ALSN-SE
MOBN SW,MOBN-SE
LEHN SW,LEHN-SE
CFR SW,CFR-SE
CMBN SW,CMBN-SE
DUFN SW,DUFN-SE
SFSN SW,SFSN-SE
BOSN SW,BOSN-SE
PGHN SW,PGHN-SE
SCHN SW,SCHN-SE
KNIN SW,KNIN-SE
UBSG SW,UBSG-SE
MOLN SW,MOLN-SE
BCHN SW,BCHN-SE
LOGN SW,LOGN-SE
ZEHN SW,ZEHN-SE
VACN SW,VACN-SE
GEBN SW,GEBN-SE
SQN SW,SQN-SE
DAE SW,DAE-SE
UBXN SW,UBXN-SE
ROSE SW,ROSE-SE
GALE SW,GALE-SE
IDIA SW,IDIA-SE
ARYN SW,ARYN-SE
LAND SW,LAND-SE
SENS SW,SENS-SE
SIKA SW,SIKA-SE
SIGN SW,SIGN-SE
ALC SW,ALC-SE
SRAIL SW,SRAIL-SE
SREN SW,SREN-SE
SWON SW,SWON-SE
BAER SW,BAER-SE
FORN SW,FORN-SE
MBTN SW,MBTN-SE
SDRY LN,SDRY-LN
ENT LN,ENT-LN
JUP LN,JUP-LN
OCDO LN,OCDO-LN
IAG LN,IAG-LN
GLEN LN,GLEN-LN
CEY LN,CEY-LN
CNA LN,CNA-LN
MSLH LN,MSLH-LN
HFD LN,HFD-LN
RDSB LN,RDSB-LN
PFD LN,PFD-LN
SBRY LN,SBRY-LN
GKP LN,GKP-LN
ADM LN,ADM-LN
GRI LN,GRI-LN
CHG LN,CHG-LN
CKN LN,CKN-LN
GNS LN,GNS-LN
RAT LN,RAT-LN
AV/ LN,AV.-LN
CWK LN,CWK-LN
CRDA LN,CRDA-LN
FUTR LN,FUTR-LN
RDW LN,RDW-LN
SMP LN,SMP-LN
RSW LN,RSW-LN
RTO LN,RTO-LN
ROR LN,ROR-LN
NWG LN,NWG-LN
ANTO LN,ANTO-LN
AHT LN,AHT-LN
AVON LN,AVON-LN
BDEV LN,BDEV-LN
BWY LN,BWY-LN
GAW LN,GAW-LN
GOG LN,GOG-LN
HLMA LN,HLMA-LN
HAS LN,HAS-LN
DMGT LN,DMGT-LN
WEIR LN,WEIR-LN
DPH LN,DPH-LN
BAB LN,BAB-LN
SYNT LN,SYNT-LN
AZN LN,AZN-LN
CBG LN,CBG-LN
STJ LN,STJ-LN
TPK LN,TPK-LN
SSE LN,SSE-LN
SNR LN,SNR-LN
SRP LN,SRP-LN
BP/ LN,BP.-LN
SGE LN,SGE-LN
SHI LN,SHI-LN
MGNS LN,MGNS-LN
SMDS LN,SMDS-LN
NXT LN,NXT-LN
COA LN,COA-LN
RR/ LN,RR.-LN
BNZL LN,BNZL-LN
JDW LN,JDW-LN
EZJ LN,EZJ-LN
BRW LN,BRW-LN
DPLM LN,DPLM-LN
VTY LN,VTY-LN
PRU LN,PRU-LN
BATS LN,BATS-LN
ECM LN,ECM-LN
SPX LN,SPX-LN
LLOY LN,LLOY-LN
TATE LN,TATE-LN
TW/ LN,TW.-LN
TEP LN,TEP-LN
TSCO LN,TSCO-LN
WG/ LN,WG.-LN
ITRK LN,ITRK-LN
BRBY LN,BRBY-LN
BBY LN,BBY-LN
AGK LN,AGK-LN
TLW LN,TLW-LN
HILS LN,HILS-LN
IMB LN,IMB-LN
ICP LN,ICP-LN
IMI LN,IMI-LN
PAGE LN,PAGE-LN
ITV LN,ITV-LN
HSV LN,HSV-LN
DGE LN,DGE-LN
SDR LN,SDR-LN
ELM LN,ELM-LN
HYVE LN,HYVE-LN
BA/ LN,BA.-LN
SXS LN,SXS-LN
FGP LN,FGP-LN
MTO LN,MTO-LN
JMAT LN,JMAT-LN
JD/ LN,JD.-LN
KLR LN,KLR-LN
KIE LN,KIE-LN
CPG LN,CPG-LN
HWDN LN,HWDN-LN
LGEN LN,LGEN-LN
OXB LN,OXB-LN
OXIG LN,OXIG-LN
ABF LN,ABF-LN
PSON LN,PSON-LN
PSN LN,PSN-LN
RCH LN,RCH-LN
ULE LN,ULE-LN
SN/ LN,SN.-LN
GSK LN,GSK-LN
VCT LN,VCT-LN
MGGT LN,MGGT-LN
MNZS LN,MNZS-LN
MGAM LN,MGAM-LN
MRW LN,MRW-LN
NEX LN,NEX-LN
BT/A LN,BT.A-LN
CCL LN,CCL-LN
MKS LN,MKS-LN
KGF LN,KGF-LN
STAN LN,STAN-LN
HSBA LN,HSBA-LN
RIO LN,RIO-LN
BARC LN,BARC-LN
DLG LN,DLG-LN
EMG LN,EMG-LN
BKG LN,BKG-LN
IGG LN,IGG-LN
MCRO LN,MCRO-LN
VSVS LN,VSVS-LN
WPP LN,WPP-LN
ESNT LN,ESNT-LN
CRST LN,CRST-LN
NG/ LN,NG.-LN
888 LN,888-LN
PFC LN,PFC-LN
HIK LN,HIK-LN
RMG LN,RMG-LN
ARW LN,ARW-LN
JUST LN,JUST-LN
BVIC LN,BVIC-LN
LRE LN,LRE-LN
AO/ LN,AO.-LN
QQ/ LN,QQ.-LN
RTN LN,RTN-LN
SOLG LN,SOLG-LN
PETS LN,PETS-LN
GEN LN,GEN-LN
CARD LN,CARD-LN
LSEG LN,LSEG-LN
ULVR LN,ULVR-LN
PTEC LN,PTEC-LN
BME LN,BME-LN
SSPG LN,SSPG-LN
SVS LN,SVS-LN
SPI LN,SPI-LN
CMCX LN,CMCX-LN
CINE LN,CINE-LN
CCC LN,CCC-LN
INDV LN,INDV-LN
VOD LN,VOD-LN
INVP LN,INVP-LN
ABDN LN,ABDN-LN
PNN LN,PNN-LN
JLG LN,JLG-LN
WIZZ LN,WIZZ-LN
EXPN LN,EXPN-LN
AUTO LN,AUTO-LN
SNN LN,SNN-LN
SVT LN,SVT-LN
ADAP US,ADAP
MAB LN,MAB-LN
ASHM LN,ASHM-LN
DNLM LN,DNLM-LN
HSX LN,HSX-LN
HOC LN,HOC-LN
MARS LN,MARS-LN
WTB LN,WTB-LN
OTB LN,OTB-LN
MRO LN,MRO-LN
EQN LN,EQN-LN
IBST LN,IBST-LN
GYM LN,GYM-LN
SCT LN,SCT-LN
VEC LN,VEC-LN
NCC LN,NCC-LN
MNDI LN,MNDI-LN
CSP LN,CSP-LN
FRAS LN,FRAS-LN
ASCL LN,ASCL-LN
BEZ LN,BEZ-LN
DOM LN,DOM-LN
FORT LN,FORT-LN
DRX LN,DRX-LN
SGC LN,SGC-LN
HL/ LN,HL.-LN
SRE LN,SRE-LN
IHG LN,IHG-LN
SMIN LN,SMIN-LN
AAL LN,AAL-LN
III LN,III-LN
PFG LN,PFG-LN
CPI LN,CPI-LN
MONY LN,MONY-LN
DEC LN,DEC-LN
GYS LN,GYS-LN
RKT LN,RKT-LN
TYMN LN,TYMN-LN
RMV LN,RMV-LN
REL LN,REL-LN
PAG LN,PAG-LN
CTEC LN,CTEC-LN
TIFS LN,TIFS-LN
BIFF LN,BIFF-LN
SMWH LN,SMWH-LN
IWG LN,IWG-LN
FRES LN,FRES-LN
UU/ LN,UU.-LN
DLAR LN,DLAR-LN
BOY LN,BOY-LN
NCNA US,NCNA
SBRE LN,SBRE-LN
GRG LN,GRG-LN
IHP LN,IHP-LN
AVV LN,AVV-LN
ENOG LN,ENOG-LN
QLT LN,QLT-LN
AUTL US,AUTL
AVST LN,AVST-LN
DAVA US,DAVA
PHNX LN,PHNX-LN
SFOR LN,SFOR-LN
ORTX US,ORTX
INF LN,INF-LN
FERG LN,FERG-LN
WOSG LN,WOSG-LN
AJB LN,AJB-LN
AAF LN,AAF-LN
TRN LN,TRN-LN
REDD LN,REDD-LN
MNG LN,MNG-LN
HTWS LN,HTWS-LN
N91 LN,N91-LN
CMPS US,CMPS
SAGA LN,SAGA-LN
THG LN,THG-LN
ABCM US,ABCM
OSB LN,OSB-LN
TCAP LN,TCAP-LN
HBR LN,HBR-LN
CNE LN,CNE-LN
DC/ LN,DC.-LN
ENQ LN,ENQ-LN
INCH LN,INCH-LN
8750 JP,8750-JT
4927 JP,4927-JT
4578 JP,4578-JT
2229 JP,2229-JT
6630 JP,6630-JT
4541 JP,4541-JT
4552 JP,4552-JT
3655 JP,3655-JT
7817 JP,7817-JT
4581 JP,4581-JT
3091 JP,3091-JT
6640 JP,6640-JT
3659 JP,3659-JT
6055 JP,6055-JT
8771 JP,8771-JT
6058 JP,6058-JT
8410 JP,8410-JT
4974 JP,4974-JT
7839 JP,7839-JT
4565 JP,4565-JT
9513 JP,9513-JT
6460 JP,6460-JT
9048 JP,9048-JT
6474 JP,6474-JT
6269 JP,6269-JT
6723 JP,6723-JT
3349 JP,3349-JT
6670 JP,6670-JT
2412 JP,2412-JT
3341 JP,3341-JT
2413 JP,2413-JT
2427 JP,2427-JT
8331 JP,8331-JT
6366 JP,6366-JT
4922 JP,4922-JT
8382 JP,8382-JT
9504 JP,9504-JT
4519 JP,4519-JT
7762 JP,7762-JT
4694 JP,4694-JT
6905 JP,6905-JT
4739 JP,4739-JT
8766 JP,8766-JT
8194 JP,8194-JT
4912 JP,4912-JT
2281 JP,2281-JT
1662 JP,1662-JT
4282 JP,4282-JT
6289 JP,6289-JT
9021 JP,9021-JT
9831 JP,9831-JT
2267 JP,2267-JT
7272 JP,7272-JT
4503 JP,4503-JT
5444 JP,5444-JT
2212 JP,2212-JT
6845 JP,6845-JT
9064 JP,9064-JT
5949 JP,5949-JT
8279 JP,8279-JT
6506 JP,6506-JT
5911 JP,5911-JT
5101 JP,5101-JT
6800 JP,6800-JT
6875 JP,6875-JT
4704 JP,4704-JT
9613 JP,9613-JT
4708 JP,4708-JT
4751 JP,4751-JT
4970 JP,4970-JT
2593 JP,2593-JT
4062 JP,4062-JT
6908 JP,6908-JT
4028 JP,4028-JT
7013 JP,7013-JT
7202 JP,7202-JT
8001 JP,8001-JT
8273 JP,8273-JT
8088 JP,8088-JT
8385 JP,8385-JT
6807 JP,6807-JT
6951 JP,6951-JT
4114 JP,4114-JT
5631 JP,5631-JT
4185 JP,4185-JT
8595 JP,8595-JT
9706 JP,9706-JT
9983 JP,9983-JT
7296 JP,7296-JT
8306 JP,8306-JT
4681 JP,4681-JT
7867 JP,7867-JT
2815 JP,2815-JT
8572 JP,8572-JT
7564 JP,7564-JT
2502 JP,2502-JT
3407 JP,3407-JT
5201 JP,5201-JT
6952 JP,6952-JT
9022 JP,9022-JT
8411 JP,8411-JT
8253 JP,8253-JT
2768 JP,2768-JT
8802 JP,8802-JT
9301 JP,9301-JT
4182 JP,4182-JT
6503 JP,6503-JT
7011 JP,7011-JT
5711 JP,5711-JT
8031 JP,8031-JT
5706 JP,5706-JT
7003 JP,7003-JT
6966 JP,6966-JT
9104 JP,9104-JT
8801 JP,8801-JT
6005 JP,6005-JT
7211 JP,7211-JT
6728 JP,6728-JT
8920 JP,8920-JT
3941 JP,3941-JT
7752 JP,7752-JT
5947 JP,5947-JT
6925 JP,6925-JT
9956 JP,9956-JT
5423 JP,5423-JT
9672 JP,9672-JT
9005 JP,9005-JT
3402 JP,3402-JT
6502 JP,6502-JT
1835 JP,1835-JT
5332 JP,5332-JT
4553 JP,4553-JT
6330 JP,6330-JT
2875 JP,2875-JT
5105 JP,5105-JT
5938 JP,5938-JT
4042 JP,4042-JT
7261 JP,7261-JT
3101 JP,3101-JT
6201 JP,6201-JT
7282 JP,7282-JT
8015 JP,8015-JT
3116 JP,3116-JT
7203 JP,7203-JT
9715 JP,9715-JT
6371 JP,6371-JT
6101 JP,6101-JT
4540 JP,4540-JT
4208 JP,4208-JT
8113 JP,8113-JT
6752 JP,6752-JT
9744 JP,9744-JT
4689 JP,4689-JT
7518 JP,7518-JT
4676 JP,4676-JT
7550 JP,7550-JT
6706 JP,6706-JT
9793 JP,9793-JT
2651 JP,2651-JT
4768 JP,4768-JT
8593 JP,8593-JT
7532 JP,7532-JT
6146 JP,6146-JT
7716 JP,7716-JT
7725 JP,7725-JT
2206 JP,2206-JT
7966 JP,7966-JT
9006 JP,9006-JT
9008 JP,9008-JT
9009 JP,9009-JT
9616 JP,9616-JT
2801 JP,2801-JT
6861 JP,6861-JT
1944 JP,1944-JT
4547 JP,4547-JT
6498 JP,6498-JT
8218 JP,8218-JT
7276 JP,7276-JT
6301 JP,6301-JT
9766 JP,9766-JT
4902 JP,4902-JT
6473 JP,6473-JT
1861 JP,1861-JT
3405 JP,3405-JT
4023 JP,4023-JT
6370 JP,6370-JT
4716 JP,4716-JT
6448 JP,6448-JT
4967 JP,4967-JT
6789 JP,6789-JT
2670 JP,2670-JT
2678 JP,2678-JT
4812 JP,4812-JT
9020 JP,9020-JT
2685 JP,2685-JT
4816 JP,4816-JT
7717 JP,7717-JT
6787 JP,6787-JT
6361 JP,6361-JT
2702 JP,2702-JT
8111 JP,8111-JT
4293 JP,4293-JT
7205 JP,7205-JT
6806 JP,6806-JT
6501 JP,6501-JT
5486 JP,5486-JT
9086 JP,9086-JT
7004 JP,7004-JT
6810 JP,6810-JT
6305 JP,6305-JT
9509 JP,9509-JT
8309 JP,8309-JT
3865 JP,3865-JT
9505 JP,9505-JT
7267 JP,7267-JT
6856 JP,6856-JT
1824 JP,1824-JT
6135 JP,6135-JT
6586 JP,6586-JT
4917 JP,4917-JT
8316 JP,8316-JT
6432 JP,6432-JT
6871 JP,6871-JT
8002 JP,8002-JT
5463 JP,5463-JT
8439 JP,8439-JT
2782 JP,2782-JT
1893 JP,1893-JT
9984 JP,9984-JT
6707 JP,6707-JT
9065 JP,9065-JT
6417 JP,6417-JT
4536 JP,4536-JT
5929 JP,5929-JT
2501 JP,2501-JT
7459 JP,7459-JT
3401 JP,3401-JT
6869 JP,6869-JT
4543 JP,4543-JT
1860 JP,1860-JT
5301 JP,5301-JT
6995 JP,6995-JT
9401 JP,9401-JT
7732 JP,7732-JT
7729 JP,7729-JT
5727 JP,5727-JT
6588 JP,6588-JT
4186 JP,4186-JT
5975 JP,5975-JT
9001 JP,9001-JT
9605 JP,9605-JT
9602 JP,9602-JT
9506 JP,9506-JT
9501 JP,9501-JT
8804 JP,8804-JT
9531 JP,9531-JT
8129 JP,8129-JT
8035 JP,8035-JT
4043 JP,4043-JT
7309 JP,7309-JT
6967 JP,6967-JT
4911 JP,4911-JT
8355 JP,8355-JT
4004 JP,4004-JT
9989 JP,9989-JT
6143 JP,6143-JT
6758 JP,6758-JT
4206 JP,4206-JT
7259 JP,7259-JT
2802 JP,2802-JT
9202 JP,9202-JT
7545 JP,7545-JT
8515 JP,8515-JT
6770 JP,6770-JT
6113 JP,6113-JT
6436 JP,6436-JT
7936 JP,7936-JT
7337 JP,7337-JT
8369 JP,8369-JT
4921 JP,4921-JT
5108 JP,5108-JT
7220 JP,7220-JT
4684 JP,4684-JT
6839 JP,6839-JT
5021 JP,5021-JT
4755 JP,4755-JT
5714 JP,5714-JT
9375 JP,9375-JT
4523 JP,4523-JT
4819 JP,4819-JT
8473 JP,8473-JT
4061 JP,4061-JT
4971 JP,4971-JT
2695 JP,2695-JT
4368 JP,4368-JT
6794 JP,6794-JT
4849 JP,4849-JT
7730 JP,7730-JT
6890 JP,6890-JT
6504 JP,6504-JT
7270 JP,7270-JT
9010 JP,9010-JT
4901 JP,4901-JT
4544 JP,4544-JT
5803 JP,5803-JT
2607 JP,2607-JT
6954 JP,6954-JT
6702 JP,6702-JT
9749 JP,9749-JT
9075 JP,9075-JT
9757 JP,9757-JT
5801 JP,5801-JT
7575 JP,7575-JT
9974 JP,9974-JT
6324 JP,6324-JT
6750 JP,6750-JT
4307 JP,4307-JT
8334 JP,8334-JT
3002 JP,3002-JT
9603 JP,9603-JT
8359 JP,8359-JT
4324 JP,4324-JT
9435 JP,9435-JT
8308 JP,8308-JT
6971 JP,6971-JT
1951 JP,1951-JT
4151 JP,4151-JT
1959 JP,1959-JT
6920 JP,6920-JT
6141 JP,6141-JT
2264 JP,2264-JT
6724 JP,6724-JT
1973 JP,1973-JT
5333 JP,5333-JT
5334 JP,5334-JT
6407 JP,6407-JT
2579 JP,2579-JT
9449 JP,9449-JT
4732 JP,4732-JT
7751 JP,7751-JT
8060 JP,8060-JT
9697 JP,9697-JT
8876 JP,8876-JT
4733 JP,4733-JT
4680 JP,4680-JT
9433 JP,9433-JT
9627 JP,9627-JT
6383 JP,6383-JT
7278 JP,7278-JT
1878 JP,1878-JT
4202 JP,4202-JT
5471 JP,5471-JT
4461 JP,4461-JT
6367 JP,6367-JT
4631 JP,4631-JT
4506 JP,4506-JT
7735 JP,7735-JT
1925 JP,1925-JT
7990 JP,7990-JT
6962 JP,6962-JT
7649 JP,7649-JT
6136 JP,6136-JT
9007 JP,9007-JT
1802 JP,1802-JT
6703 JP,6703-JT
3861 JP,3861-JT
6103 JP,6103-JT
7994 JP,7994-JT
9511 JP,9511-JT
5233 JP,5233-JT
8591 JP,8591-JT
9532 JP,9532-JT
6622 JP,6622-JT
7250 JP,7250-JT
4666 JP,4666-JT
2784 JP,2784-JT
1721 JP,1721-JT
6268 JP,6268-JT
1719 JP,1719-JT
7956 JP,7956-JT
2371 JP,2371-JT
9735 JP,9735-JT
9076 JP,9076-JT
4204 JP,4204-JT
1928 JP,1928-JT
9069 JP,9069-JT
6753 JP,6753-JT
8227 JP,8227-JT
9507 JP,9507-JT
7701 JP,7701-JT
1803 JP,1803-JT
4063 JP,4063-JT
4507 JP,4507-JT
2292 JP,2292-JT
6923 JP,6923-JT
8850 JP,8850-JT
9719 JP,9719-JT
4203 JP,4203-JT
5232 JP,5232-JT
4005 JP,4005-JT
5802 JP,5802-JT
6302 JP,6302-JT
5713 JP,5713-JT
8830 JP,8830-JT
8053 JP,8053-JT
5110 JP,5110-JT
9303 JP,9303-JT
6965 JP,6965-JT
9042 JP,9042-JT
8242 JP,8242-JT
8078 JP,8078-JT
1808 JP,1808-JT
8050 JP,8050-JT
3593 JP,3593-JT
4343 JP,4343-JT
4344 JP,4344-JT
2810 JP,2810-JT
4088 JP,4088-JT
7741 JP,7741-JT
5726 JP,5726-JT
6737 JP,6737-JT
1963 JP,1963-JT
2914 JP,2914-JT
9787 JP,9787-JT
8267 JP,8267-JT
7476 JP,7476-JT
1812 JP,1812-JT
9364 JP,9364-JT
9678 JP,9678-JT
4118 JP,4118-JT
9503 JP,9503-JT
1942 JP,1942-JT
4613 JP,4613-JT
4452 JP,4452-JT
7012 JP,7012-JT
9107 JP,9107-JT
8905 JP,8905-JT
5411 JP,5411-JT
2327 JP,2327-JT
2331 JP,2331-JT
2337 JP,2337-JT
6592 JP,6592-JT
7943 JP,7943-JT
7988 JP,7988-JT
6376 JP,6376-JT
6849 JP,6849-JT
8174 JP,8174-JT
6997 JP,6997-JT
5563 JP,5563-JT
6902 JP,6902-JT
6701 JP,6701-JT
4403 JP,4403-JT
4612 JP,4612-JT
6594 JP,6594-JT
2282 JP,2282-JT
1881 JP,1881-JT
2871 JP,2871-JT
1332 JP,1332-JT
2002 JP,2002-JT
1820 JP,1820-JT
3110 JP,3110-JT
5703 JP,5703-JT
5393 JP,5393-JT
9432 JP,9432-JT
5202 JP,5202-JT
6471 JP,6471-JT
4021 JP,4021-JT
6641 JP,6641-JT
2897 JP,2897-JT
7915 JP,7915-JT
9062 JP,9062-JT
9072 JP,9072-JT
7731 JP,7731-JT
7951 JP,7951-JT
7240 JP,7240-JT
5401 JP,5401-JT
5214 JP,5214-JT
8056 JP,8056-JT
7201 JP,7201-JT
6480 JP,6480-JT
5943 JP,5943-JT
9101 JP,9101-JT
4205 JP,4205-JT
9404 JP,9404-JT
9843 JP,9843-JT
6284 JP,6284-JT
4661 JP,4661-JT
6472 JP,6472-JT
2379 JP,2379-JT
2809 JP,2809-JT
3433 JP,3433-JT
1926 JP,1926-JT
9948 JP,9948-JT
8919 JP,8919-JT
6674 JP,6674-JT
8795 JP,8795-JT
3738 JP,3738-JT
4527 JP,4527-JT
6273 JP,6273-JT
9003 JP,9003-JT
9039 JP,9039-JT
8358 JP,8358-JT
9987 JP,9987-JT
6395 JP,6395-JT
1979 JP,1979-JT
1801 JP,1801-JT
8233 JP,8233-JT
4502 JP,4502-JT
6857 JP,6857-JT
1969 JP,1969-JT
6976 JP,6976-JT
6013 JP,6013-JT
3880 JP,3880-JT
8570 JP,8570-JT
6754 JP,6754-JT
7864 JP,7864-JT
7581 JP,7581-JT
7599 JP,7599-JT
7606 JP,7606-JT
9502 JP,9502-JT
8601 JP,8601-JT
9409 JP,9409-JT
9684 JP,9684-JT
6755 JP,6755-JT
8282 JP,8282-JT
2503 JP,2503-JT
5406 JP,5406-JT
6326 JP,6326-JT
9508 JP,9508-JT
8252 JP,8252-JT
6508 JP,6508-JT
4919 JP,4919-JT
9962 JP,9962-JT
8058 JP,8058-JT
4183 JP,4183-JT
2201 JP,2201-JT
6996 JP,6996-JT
4091 JP,4091-JT
4516 JP,4516-JT
4041 JP,4041-JT
6988 JP,6988-JT
6479 JP,6479-JT
8604 JP,8604-JT
6145 JP,6145-JT
7733 JP,7733-JT
8303 JP,8303-JT
7453 JP,7453-JT
8136 JP,8136-JT
7269 JP,7269-JT
6481 JP,6481-JT
6762 JP,6762-JT
4626 JP,4626-JT
6841 JP,6841-JT
2432 JP,2432-JT
2433 JP,2433-JT
3360 JP,3360-JT
3762 JP,3762-JT
9514 JP,9514-JT
3765 JP,3765-JT
3769 JP,3769-JT
3774 JP,3774-JT
3003 JP,3003-JT
9201 JP,9201-JT
3668 JP,3668-JT
7164 JP,7164-JT
3034 JP,3034-JT
4290 JP,4290-JT
7747 JP,7747-JT
8697 JP,8697-JT
2384 JP,2384-JT
3863 JP,3863-JT
3382 JP,3382-JT
4568 JP,4568-JT
7832 JP,7832-JT
4188 JP,4188-JT
4587 JP,4587-JT
2587 JP,2587-JT
3186 JP,3186-JT
3046 JP,3046-JT
2222 JP,2222-JT
3391 JP,3391-JT
3436 JP,3436-JT
3288 JP,3288-JT
5741 JP,5741-JT
4985 JP,4985-JT
2154 JP,2154-JT
3289 JP,3289-JT
6134 JP,6134-JT
3291 JP,3291-JT
6080 JP,6080-JT
3678 JP,3678-JT
3395 JP,3395-JT
3397 JP,3397-JT
2471 JP,2471-JT
7779 JP,7779-JT
1407 JP,1407-JT
9090 JP,9090-JT
9024 JP,9024-JT
5310 JP,5310-JT
1605 JP,1605-JT
3031 JP,3031-JT
6095 JP,6095-JT
3197 JP,3197-JT
9468 JP,9468-JT
3038 JP,3038-JT
6098 JP,6098-JT
6099 JP,6099-JT
2930 JP,2930-JT
6028 JP,6028-JT
3902 JP,3902-JT
9517 JP,9517-JT
2491 JP,2491-JT
9551 JP,9551-JT
2492 JP,2492-JT
3048 JP,3048-JT
3050 JP,3050-JT
2121 JP,2121-JT
2124 JP,2124-JT
3231 JP,3231-JT
4592 JP,4592-JT
8418 JP,8418-JT
2127 JP,2127-JT
3134 JP,3134-JT
6047 JP,6047-JT
7180 JP,7180-JT
2120 JP,2120-JT
5019 JP,5019-JT
8304 JP,8304-JT
3064 JP,3064-JT
4593 JP,4593-JT
6258 JP,6258-JT
7780 JP,7780-JT
5440 JP,5440-JT
4980 JP,4980-JT
6178 JP,6178-JT
7182 JP,7182-JT
7181 JP,7181-JT
7313 JP,7313-JT
6183 JP,6183-JT
3923 JP,3923-JT
6238 JP,6238-JT
6804 JP,6804-JT
7947 JP,7947-JT
6645 JP,6645-JT
4528 JP,4528-JT
6963 JP,6963-JT
9783 JP,9783-JT
7974 JP,7974-JT
4187 JP,4187-JT
6315 JP,6315-JT
1911 JP,1911-JT
7740 JP,7740-JT
6981 JP,6981-JT
3932 JP,3932-JT
2296 JP,2296-JT
7186 JP,7186-JT
5384 JP,5384-JT
3076 JP,3076-JT
9412 JP,9412-JT
8354 JP,8354-JT
2146 JP,2146-JT
2130 JP,2130-JT
2151 JP,2151-JT
6196 JP,6196-JT
6197 JP,6197-JT
3543 JP,3543-JT
4369 JP,4369-JT
7821 JP,7821-JT
3086 JP,3086-JT
3088 JP,3088-JT
6200 JP,6200-JT
6532 JP,6532-JT
4189 JP,4189-JT
9142 JP,9142-JT
3966 JP,3966-JT
3092 JP,3092-JT
1414 JP,1414-JT
3549 JP,3549-JT
6541 JP,6541-JT
2175 JP,2175-JT
3097 JP,3097-JT
3563 JP,3563-JT
9519 JP,9519-JT
3099 JP,3099-JT
3626 JP,3626-JT
8725 JP,8725-JT
3978 JP,3978-JT
3479 JP,3479-JT
3141 JP,3141-JT
6632 JP,6632-JT
2181 JP,2181-JT
6465 JP,6465-JT
3632 JP,3632-JT
3150 JP,3150-JT
2269 JP,2269-JT
5857 JP,5857-JT
3635 JP,3635-JT
6556 JP,6556-JT
3994 JP,3994-JT
9143 JP,9143-JT
7198 JP,7198-JT
7199 JP,7199-JT
6235 JP,6235-JT
6569 JP,6569-JT
4384 JP,4384-JT
6572 JP,6572-JT
4385 JP,4385-JT
7033 JP,7033-JT
7034 JP,7034-JT
4397 JP,4397-JT
4423 JP,4423-JT
9434 JP,9434-JT
4435 JP,4435-JT
4443 JP,4443-JT
4931 JP,4931-JT
2270 JP,2270-JT
4448 JP,4448-JT
4477 JP,4477-JT
4478 JP,4478-JT
4483 JP,4483-JT
4485 JP,4485-JT
4480 JP,4480-JT
4887 JP,4887-JT
8715 JP,8715-JT
8283 JP,8283-JT
5020 JP,5020-JT
8630 JP,8630-JT
ECOR3 BZ,ECOR3-BS
MGLU3 BZ,MGLU3-BS
QUAL3 BZ,QUAL3-BS
RADL3 BZ,RADL3-BS
AMER3 BZ,AMER3-BS
VVAR3 BZ,VVAR3-BS
HGTX3 BZ,HGTX3-BS
CSNA3 BZ,CSNA3-BS
SUZB3 BZ,SUZB3-BS
WEGE3 BZ,WEGE3-BS
BRFS3 BZ,BRFS3-BS
VIVT3 BZ,VIVT3-BS
BBAS3 BZ,BBAS3-BS
CYRE3 BZ,CYRE3-BS
LEVE3 BZ,LEVE3-BS
PSSA3 BZ,PSSA3-BS
PCAR3 BZ,PCAR3-BS
EGIE3 BZ,EGIE3-BS
UGPA3 BZ,UGPA3-BS
LREN3 BZ,LREN3-BS
COGN3 BZ,COGN3-BS
CCRO3 BZ,CCRO3-BS
VALE3 BZ,VALE3-BS
ELET3 BZ,ELET3-BS
PETR3 BZ,PETR3-BS
LCAM3 BZ,LCAM3-BS
SQIA3 BZ,SQIA3-BS
RENT3 BZ,RENT3-BS
CAML3 BZ,CAML3-BS
BBSE3 BZ,BBSE3-BS
ALUP11 BZ,ALUP11-BS
ENBR3 BZ,ENBR3-BS
CSAN3 BZ,CSAN3-BS
ABEV3 BZ,ABEV3-BS
KLBN11 BZ,KLBN11-BS
CSMG3 BZ,CSMG3-BS
LIGT3 BZ,LIGT3-BS
TOTS3 BZ,TOTS3-BS
EQTL3 BZ,EQTL3-BS
EMBR3 BZ,EMBR3-BS
BRPR3 BZ,BRPR3-BS
TAEE11 BZ,TAEE11-BS
ODPV3 BZ,ODPV3-BS
IGTA3 BZ,IGTA3-BS
SMTO3 BZ,SMTO3-BS
BRML3 BZ,BRML3-BS
JBSS3 BZ,JBSS3-BS
OIBR3 BZ,OIBR3-BS
SBSP3 BZ,SBSP3-BS
MRFG3 BZ,MRFG3-BS
MRVE3 BZ,MRVE3-BS
MULT3 BZ,MULT3-BS
YDUQ3 BZ,YDUQ3-BS
DTEX3 BZ,DTEX3-BS
TEND3 BZ,TEND3-BS
ENEV3 BZ,ENEV3-BS
BPAC11 BZ,BPAC11-BS
RAIL3 BZ,RAIL3-BS
SULA11 BZ,SULA11-BS
IRBR3 BZ,IRBR3-BS
HYPE3 BZ,HYPE3-BS
B3SA3 BZ,B3SA3-BS
CRFB3 BZ,CRFB3-BS
OMGE3 BZ,OMGE3-BS
SAPR11 BZ,SAPR11-BS
BKBR3 BZ,BKBR3-BS
GNDI3 BZ,GNDI3-BS
HAPV3 BZ,HAPV3-BS
LOGG3 BZ,LOGG3-BS
CIEL3 BZ,CIEL3-BS
BIDI11 BZ,BIDI11-BS
NTCO3 BZ,NTCO3-BS
LJQQ3 BZ,LJQQ3-BS
HBSA3 BZ,HBSA3-BS
BOAS3 BZ,BOAS3-BS
TIMS3 BZ,TIMS3-BS
SANB11 BZ,SANB11-BS
ENGI11 BZ,ENGI11-BS
FLRY3 BZ,FLRY3-BS
GENTERA* MF,GENTERA-MM
WALMEX* MF,WALMEX-MM
GFNORTEO MF,GFNORTEO-MM
ORBIA* MF,ORBIA-MM
PE&OLES* MF,PE&OLES-MM
TLEVICPO MF,
BIMBOA MF,BIMBOA-MM
GRUMAB MF,GRUMAB-MM
PINFRA* MF,PINFRA-MM
GCC* MF,GCC-MM
LIVEPOLC MF,LIVEPOLC-1-MM
ALSEA* MF,ALSEA-MM
ASURB MF,ASURB-MM
GMEXICOB MF,GMEXICOB-MM
KIMBERA MF,KIMBERA-MM
GFINBURO MF,GFINBURO-MM
AC* MF,AC-MM
ALFAA MF,ALFAA-MM
CEMEXCPO MF,CEMEXCPO-MM
AMXL MF,AMXL-MM
ALPEKA MF,ALPEKA-MM
VESTA* MF,VESTA-MM
FEMSAUBD MF,FEMSAUBD-MM
CREAL* MF,CREAL-MM
VOLARA MF,VOLARA-MM
GAPB MF,GAPB-MM
NEMAKA MF,NEMAKA-MM
OMAB MF,OMAB-MM
Q* MF,Q-MM
SITESB1 MF,
MEGACPO MF,MEGACPO-MM
CUERVO* MF,CUERVO-MM
BBAJIOO MF,BBAJIOO-MM
BOLSAA MF,BOLSAA-MM
LABB MF,LABB-MM
TRAXIONA MF,TRAXIONA-MM
BSMXB MF,
RA MF,RA-MM
KOFUBL MF,KOFUBL-MM
VIST US,VIST
AIR US,AIR
AAL US,AAL
PNW US,PNW
PRG US,PRG
ABT US,ABT
AMD US,AMD
APD US,APD
ALK US,ALK
MATX US,MATX
HON US,HON
SWKS US,SWKS
HES US,HES
ABM US,ABM
PRI US,PRI
ECOL US,ECOL
AEP US,AEP
AXP US,AXP
AFL US,AFL
AIG US,AIG
AMSWA US,AMSWA
AME US,AME
AMGN US,AMGN
ADI US,ADI
ANDE US,ANDE
NBR US,NBR
APA US,APA
APOG US,APOG
AAPL US,AAPL
AMAT US,AMAT
EPAC US,EPAC
ADM US,ADM
ARCB US,ARCB
ARW US,ARW
ASH US,ASH
ATRO US,ATRO
ADSK US,ADSK
ADP US,ADP
AVY US,AVY
AVT US,AVT
AZZ US,AZZ
BMI US,BMI
BCPC US,BCPC
BLL US,BLL
BPOP US,BPOP
BOH US,BOH
BK US,BK
B US,B
BAX US,BAX
AIT US,AIT
BDX US,BDX
VZ US,VZ
BRK/B US,BRK/B
BBY US,BBY
BIO US,BIO
BKH US,BKH
HRB US,HRB
BA US,BA
RHI US,RHI
BRC US,BRC
BMY US,BMY
BF/B US,BF/B
BC US,BC
MTRN US,MTRN
MTZ US,MTZ
RAMP US,RAMP
CI US,CI
CSX US,CSX
CTS US,CTS
CBT US,CBT
CACI US,CACI
CAMP US,CAMP
CWT US,CWT
CPB US,CPB
STZ US,STZ
CAH US,CAH
CSL US,CSL
CRS US,CRS
CASY US,CASY
CAT US,CAT
CVCO US,CVCO
LUMN US,LUMN
CHE US,CHE
JPM US,JPM
CPK US,CPK
CVX US,CVX
EAT US,EAT
CHD US,CHD
CHDN US,CHDN
CTAS US,CTAS
IHRT US,IHRT
CLF US,CLF
CLX US,CLX
KO US,KO
CDE US,CDE
COHR US,COHR
COHU US,COHU
CL US,CL
AON US,AON
CMCSA US,CMCSA
CMA US,CMA
CBSH US,CBSH
C US,C
CMC US,CMC
CAR US,CAR
DXC US,DXC
CMTL US,CMTL
CAG US,CAG
SSTK US,SSTK
ED US,ED
CMS US,CMS
CLR US,CLR
COO US,COO
TAP US,TAP
GLW US,GLW
CBRL US,CBRL
CR US,CR
OMF US,OMF
CCK US,CCK
CFR US,CFR
CMI US,CMI
CW US,CW
WEN US,WEN
DAN US,DAN
DHR US,DHR
TGT US,TGT
DE US,DE
DAL US,DAL
DLX US,DLX
DTE US,DTE
ATGE US,ATGE
DBD US,DBD
DDS US,DDS
DIOD US,DIOD
DIS US,DIS
DG US,DG
D US,D
DCI US,DCI
DOV US,DOV
DD US,DD
OMC US,OMC
DCO US,DCO
DUK US,DUK
DNB US,DNB
FLS US,FLS
DY US,DY
PKI US,PKI
ETN US,ETN
ECL US,ECL
EMR US,EMR
ATO US,ATO
EFX US,EFX
EQT US,EQT
EXPD US,EXPD
BOOM US,BOOM
IIIN US,IIIN
XOM US,XOM
FMC US,FMC
NEE US,NEE
FDX US,FDX
FSS US,FSS
M US,M
FOE US,FOE
FITB US,FITB
RF US,RF
TRMK US,TRMK
MTB US,MTB
USB US,USB
FHN US,FHN
FLO US,FLO
FLR US,FLR
F US,F
FELE US,FELE
BEN US,BEN
FUL US,FUL
GATX US,GATX
AJG US,AJG
TGNA US,TGNA
GPS US,GPS
AJRD US,AJRD
GD US,GD
GE US,GE
GIS US,GIS
ALLY US,ALLY
GM US,GM
SPXC US,SPXC
GCO US,GCO
GNTX US,GNTX
GPC US,GPC
GT US,GT
GRA US,GRA
GGG US,GGG
GWW US,GWW
GTN US,GTN
GEF US,GEF
MGI US,MGI
HAL US,HAL
LHX US,LHX
HSC US,HSC
HAS US,HAS
HVT US,HVT
HE US,HE
HCSG US,HCSG
STRL US,STRL
HL US,HL
HEI US,HEI
KHC US,KHC
HELE US,HELE
HP US,HP
HSY US,HSY
HPQ US,HPQ
HXL US,HXL
HRC US,HRC
HLT US,HLT
HFC US,HFC
HD US,HD
HNI US,HNI
HRL US,HRL
CNP US,CNP
HUBB US,HUBB
JBHT US,JBHT
HBAN US,HBAN
ITT US,ITT
IDA US,IDA
ITW US,ITW
TT US,TT
RYI US,RYI
GFF US,GFF
INTC US,INTC
INS US,INS
TILE US,TILE
IBM US,IBM
IFF US,IFF
IDCC US,IDCC
IP US,IP
IPG US,IPG
J US,J
EME US,EME
JNJ US,JNJ
JCI US,JCI
KLAC US,KLAC
KMI US,KMI
KAMN US,KAMN
KSU US,KSU
EVRG US,EVRG
K US,K
KELYA US,KELYA
KMT US,KMT
KBAL US,KBAL
KMB US,KMB
KEX US,KEX
KR US,KR
KLIC US,KLIC
LZB US,LZB
SR US,SR
LRCX US,LRCX
LANC US,LANC
LEG US,LEG
LEN US,LEN
LLY US,LLY
BBWI US,BBWI
LECO US,LECO
LNC US,LNC
LMT US,LMT
RRC US,RRC
LPX US,LPX
LOW US,LOW
MDC US,MDC
MDU US,MDU
MTW US,MTW
MRO US,MRO
MCS US,MCS
MMC US,MMC
MAS US,MAS
MAT US,MAT
MKC US,MKC
MCD US,MCD
MGRC US,MGRC
SPGI US,SPGI
MCK US,MCK
MDT US,MDT
CVS US,CVS
MRK US,MRK
MDP US,MDP
MLAB US,MLAB
MEI US,MEI
MU US,MU
ETR US,ETR
MSEX US,MSEX
MLHR US,MLHR
MSA US,MSA
MMM US,MMM
ALE US,ALE
MOD US,MOD
QDEL US,QDEL
MOG/A US,MOG/A
MSI US,MSI
MUR US,MUR
MYE US,MYE
VTRS US,VTRS
BAC US,BAC
NCR US,NCR
NSSC US,NSSC
NFG US,NFG
THC US,THC
NJR US,NJR
NYT US,NYT
NWL US,NWL
NEM US,NEM
NR US,NR
NKE US,NKE
NDSN US,NDSN
JWN US,JWN
NSC US,NSC
ES US,ES
NI US,NI
XEL US,XEL
NTRS US,NTRS
NOC US,NOC
TEX US,TEX
NWN US,NWN
NWE US,NWE
WFC US,WFC
NUE US,NUE
OXY US,OXY
OII US,OII
ITI US,ITI
FE US,FE
OGE US,OGE
OLN US,OLN
OKE US,OKE
OTTR US,OTTR
OMI US,OMI
OC US,OC
OI US,OI
OXM US,OXM
PNC US,PNC
PPG US,PPG
PCAR US,PCAR
PCG US,PCG
SRE US,SRE
PAR US,PAR
PH US,PH
PATK US,PATK
PAYX US,PAYX
PVAC US,PVAC
PPL US,PPL
PNR US,PNR
PEP US,PEP
TPC US,TPC
PDCE US,PDCE
PFE US,PFE
EXC US,EXC
WTRG US,WTRG
MO US,MO
COP US,COP
PVH US,PVH
AGYS US,AGYS
PIPR US,PIPR
PBI US,PBI
POLY US,POLY
POWL US,POWL
PG US,PG
PNM US,PNM
PEG US,PEG
PHM US,PHM
AGX US,AGX
KWR US,KWR
NXGN US,NXGN
QMCO US,QMCO
RJF US,RJF
RES US,RES
RPM US,RPM
RAVN US,RAVN
RBC US,RBC
RGS US,RGS
AN US,AN
RAD US,RAD
ROK US,ROK
ROG US,ROG
ROL US,ROL
ROST US,ROST
RGLD US,RGLD
R US,R
SEIC US,SEIC
SJW US,SJW
SLB US,SLB
APPS US,APPS
SEE US,SEE
SMTC US,SMTC
SCI US,SCI
SHEN US,SHEN
SHW US,SHW
AOS US,AOS
SJM US,SJM
SNA US,SNA
KEY US,KEY
SON US,SON
SJI US,SJI
EIX US,EIX
AWR US,AWR
SO US,SO
LUV US,LUV
SWX US,SWX
T US,T
SWN US,SWN
SHYF US,SHYF
STAA US,STAA
SMP US,SMP
SXI US,SXI
SWK US,SWK
STT US,STT
SCL US,SCL
SYK US,SYK
NAVI US,NAVI
RGR US,RGR
SYY US,SYY
ATI US,ATI
TFX US,TFX
TDS US,TDS
TNC US,TNC
TEN US,TEN
TER US,TER
TXN US,TXN
TXT US,TXT
TMO US,TMO
THO US,THO
TDW US,TDW
SIX US,SIX
TKR US,TKR
GL US,GL
TTC US,TTC
TRNS US,TRNS
TRN US,TRN
TYL US,TYL
TSN US,TSN
UAL US,UAL
UGI US,UGI
UFI US,UFI
UNF US,UNF
AEE US,AEE
UNP US,UNP
UNH US,UNH
UMBF US,UMBF
UPS US,UPS
RTX US,RTX
SGMS US,SGMS
UTL US,UTL
SXT US,SXT
UHS US,UHS
VFC US,VFC
VSEC US,VSEC
VMI US,VMI
VECO US,VECO
VSH US,VSH
VMC US,VMC
WDFC US,WDFC
WMT US,WMT
WBA US,WBA
AVA US,AVA
WSO US,WSO
WST US,WST
WDC US,WDC
WHR US,WHR
WMB US,WMB
WSM US,WSM
WGO US,WGO
WEC US,WEC
LNT US,LNT
WWW US,WWW
WWD US,WWD
FL US,FL
WOR US,WOR
XRX US,XRX
YELL US,YELL
YORW US,YORW
SPB US,SPB
TJX US,TJX
ZION US,ZION
OSK US,OSK
QLYS US,QLYS
SF US,SF
OVV US,OVV
LCII US,LCII
JKHY US,JKHY
ASB US,ASB
NMIH US,NMIH
TFC US,TFC
VLY US,VLY
FMBI US,FMBI
RBB US,RBB
BIG US,BIG
MS US,MS
TROW US,TROW
MSFT US,MSFT
ORCL US,ORCL
COTY US,COTY
RGEN US,RGEN
ASTE US,ASTE
WERN US,WERN
AMWD US,AMWD
HOG US,HOG
SKYW US,SKYW
TOL US,TOL
POR US,POR
IT US,IT
WTS US,WTS
NVR US,NVR
INT US,INT
CLFD US,CLFD
ATUS US,ATUS
ADBE US,ADBE
EHC US,EHC
CNO US,CNO
MRTN US,MRTN
FISV US,FISV
KBH US,KBH
UNM US,UNM
PPC US,PPC
JJSF US,JJSF
HTLD US,HTLD
CERN US,CERN
ICAD US,ICAD
MKL US,MKL
OSUR US,OSUR
PLXS US,PLXS
SNV US,SNV
RDNT US,RDNT
JACK US,JACK
PLAB US,PLAB
SAFM US,SAFM
PGR US,PGR
RLI US,RLI
CDNS US,CDNS
BRY US,BRY
CCL US,CCL
MBI US,MBI
MIDD US,MIDD
CRMT US,CRMT
ABMD US,ABMD
CNMD US,CNMD
XRAY US,XRAY
VIAC US,VIAC
ZTS US,ZTS
HRTX US,HRTX
FICO US,FICO
COOP US,COOP
VGR US,VGR
SCHW US,SCHW
CLH US,CLH
AIN US,AIN
MITK US,MITK
FULT US,FULT
BXS US,BXS
FAST US,FAST
WABC US,WABC
MXIM US,MXIM
HLF US,HLF
FRC US,FRC
APH US,APH
IPAR US,IPAR
PII US,PII
ICPT US,ICPT
PXD US,PXD
USM US,USM
MAN US,MAN
MGM US,MGM
WM US,WM
DELL US,DELL
SSP US,SSP
IIVI US,IIVI
FCX US,FCX
CDMO US,CDMO
ODP US,ODP
MTH US,MTH
ARCH US,ARCH
WRB US,WRB
CINF US,CINF
ORI US,ORI
MGPI US,MGPI
DDD US,DDD
DVN US,DVN
LNN US,LNN
LH US,LH
WDAY US,WDAY
CPE US,CPE
SRCE US,SRCE
VLO US,VLO
TRS US,TRS
IEX US,IEX
ARGO US,ARGO
TECH US,TECH
BRO US,BRO
AMBA US,AMBA
HGEN US,HGEN
SIG US,SIG
PRTK US,PRTK
NLOK US,NLOK
SPWH US,SPWH
ABBV US,ABBV
APAM US,APAM
CGNX US,CGNX
PBCT US,PBCT
ENTA US,ENTA
VOYA US,VOYA
CRUS US,CRUS
NEOG US,NEOG
LEA US,LEA
EOG US,EOG
BCC US,BCC
ZIXI US,ZIXI
SFBS US,SFBS
LSCC US,LSCC
TMHC US,TMHC
BMTC US,BMTC
CPF US,CPF
DGII US,DGII
EA US,EA
HMHC US,HMHC
PRTA US,PRTA
FBNC US,FBNC
CHCO US,CHCO
CBU US,CBU
GBCI US,GBCI
FRME US,FRME
TVTX US,TVTX
INDB US,INDB
IBCP US,IBCP
FUBO US,FUBO
LSXMK US,LSXMK
XONE US,XONE
ONB US,ONB
IMGN US,IMGN
PEBO US,PEBO
SIGI US,SIGI
SIVB US,SIVB
WSFS US,WSFS
WAFD US,WAFD
WBS US,WBS
WSBC US,WSBC
SBCF US,SBCF
FFBC US,FFBC
BLFS US,BLFS
TALO US,TALO
TMP US,TMP
UBSI US,UBSI
UFCS US,UFCS
NVEE US,NVEE
PFSI US,PFSI
IBTX US,IBTX
DRIO US,DRIO
CMRX US,CMRX
MODN US,MODN
RBNC US,RBNC
TSC US,TSC
CNOB US,CNOB
EPZM US,EPZM
ECOM US,ECOM
TMUS US,TMUS
NCBS US,NCBS
IQV US,IQV
SFM US,SFM
FI US,FI
CSTM US,CSTM
BLUE US,BLUE
CCS US,CCS
NSTG US,NSTG
COMM US,COMM
NWSA US,NWSA
NDLS US,NDLS
FNB US,FNB
AGIO US,AGIO
FCF US,FCF
THFF US,THFF
CWEN US,CWEN
SC US,SC
FLIC US,FLIC
USFD US,USFD
PGEN US,PGEN
FOXF US,FOXF
BUSE US,BUSE
AR US,AR
FEYE US,FEYE
MUSA US,MUSA
XLRN US,XLRN
HBNC US,HBNC
CHGG US,CHGG
BNFT US,BNFT
FATE US,FATE
ISEE US,ISEE
RMAX US,RMAX
PINC US,PINC
GLOB US,GLOB
LGIH US,LGIH
RNG US,RNG
MGNX US,MGNX
BURL US,BURL
SAIC US,SAIC
VEEV US,VEEV
PTC US,PTC
LKFN US,LKFN
ESNT US,ESNT
AERI US,AERI
TCS US,TCS
WIX US,WIX
TWTR US,TWTR
EXPI US,EXPI
AMRX US,AMRX
TNDM US,TNDM
TRVN US,TRVN
KPTI US,KPTI
XNCR US,XNCR
VCYT US,VCYT
STKS US,STKS
MMI US,MMI
VRNS US,VRNS
CWH US,CWH
NBTB US,NBTB
RARE US,RARE
OSBC US,OSBC
CARA US,CARA
TACO US,TACO
INGN US,INGN
PRK US,PRK
SFNC US,SFNC
MBUU US,MBUU
DENN US,DENN
GIII US,GIII
ITCI US,ITCI
GSBC US,GSBC
SESN US,SESN
DRNA US,DRNA
RVNC US,RVNC
FLXN US,FLXN
IBP US,IBP
OGS US,OGS
KN US,KN
STBA US,STBA
LE US,LE
CBAY US,CBAY
HEAR US,HEAR
LC US,LC
SABR US,SABR
AUB US,AUB
NLTX US,NLTX
PCTY US,PCTY
QUOT US,QUOT
MGNI US,MGNI
CSLT US,CSLT
EGRX US,EGRX
RMNI US,RMNI
UVSP US,UVSP
AKBA US,AKBA
WASH US,WASH
QTWO US,QTWO
TWOU US,TWOU
FIVN US,FIVN
MC US,MC
MEDP US,MEDP
TMST US,TMST
ALDX US,ALDX
CVBF US,CVBF
BOX US,BOX
TMX US,TMX
PAHC US,PAHC
PAYC US,PAYC
WMS US,WMS
QTNT US,QTNT
SMG US,SMG
CTLT US,CTLT
ZEN US,ZEN
KEYS US,KEYS
TBPH US,TBPH
DNOW US,DNOW
LOB US,LOB
PRMW US,PRMW
ARES US,ARES
OEC US,OEC
HRTG US,HRTG
SLM US,SLM
RYAM US,RYAM
TRUE US,TRUE
COG US,COG
MRNS US,MRNS
DMTK US,DMTK
GPRO US,GPRO
ARDX US,ARDX
SNDX US,SNDX
DEN US,DEN
AMPH US,AMPH
VEC US,VEC
FFWM US,FFWM
SYF US,SYF
DOOR US,DOOR
RLMD US,RLMD
ANET US,ANET
CSCO US,CSCO
HQY US,HQY
HOLX US,HOLX
TRUP US,TRUP
SAGE US,SAGE
CNNE US,CNNE
ATEX US,ATEX
LNTH US,LNTH
XENT US,XENT
ATRA US,ATRA
OCUL US,OCUL
ADVM US,ADVM
VKTX US,VKTX
AKTS US,AKTS
AXDX US,AXDX
LOCO US,LOCO
NBEV US,NBEV
LBRDK US,LBRDK
TTI US,TTI
VICR US,VICR
AVNS US,AVNS
LSTR US,LSTR
KMPR US,KMPR
UNVR US,UNVR
W US,W
AAON US,AAON
CIVB US,CIVB
RYTM US,RYTM
GWB US,GWB
VBTX US,VBTX
AFMD US,AFMD
CDK US,CDK
MMSI US,MMSI
FRPT US,FRPT
CZR US,CZR
TBK US,TBK
CFG US,CFG
CHRS US,CHRS
HUBS US,HUBS
BOOT US,BOOT
FGEN US,FGEN
NVRO US,NVRO
WK US,WK
SIEN US,SIEN
SYNH US,SYNH
UPLD US,UPLD
GRBK US,GRBK
JYNT US,JYNT
AXTA US,AXTA
FND US,FND
NEWR US,NEWR
TBI US,TBI
HCA US,HCA
XLNX US,XLNX
CURO US,CURO
PARR US,PARR
GMS US,GMS
SUM US,SUM
VSTO US,VSTO
ESTE US,ESTE
SHAK US,SHAK
INOV US,INOV
SYBT US,SYBT
CC US,CC
TRMB US,TRMB
VERU US,VERU
NVTA US,NVTA
EXPO US,EXPO
GDDY US,GDDY
ENR US,ENR
BHE US,BHE
FRTA US,FRTA
VRAY US,VRAY
BLBD US,BLBD
MTRX US,MTRX
ESE US,ESE
CABO US,CABO
ETSY US,ETSY
BLD US,BLD
PJT US,PJT
LITE US,LITE
ETH US,ETH
BPMC US,BPMC
VIRT US,VIRT
OPRX US,OPRX
CVA US,CVA
CATY US,CATY
CDAY US,CDAY
COLL US,COLL
ALTA US,ALTA
PAVM US,PAVM
CYH US,CYH
DORM US,DORM
AZO US,AZO
REGN US,REGN
EVH US,EVH
WING US,WING
BW US,BW
X US,X
GKOS US,GKOS
HAE US,HAE
IONS US,IONS
APPF US,APPF
OLLI US,OLLI
ALRM US,ALRM
FCFS US,FCFS
DBI US,DBI
NTRA US,NTRA
MCRB US,MCRB
IDXX US,IDXX
AES US,AES
HWC US,HWC
STFC US,STFC
TDOC US,TDOC
DIN US,DIN
KALU US,KALU
ALKS US,ALKS
MNST US,MNST
VRTX US,VRTX
MNRO US,MNRO
LIND US,LIND
PRGS US,PRGS
MTG US,MTG
TVTY US,TVTY
ZBRA US,ZBRA
EZPW US,EZPW
PRA US,PRA
BOKF US,BOKF
SPNE US,SPNE
FIZZ US,FIZZ
BIIB US,BIIB
MSGS US,MSGS
RPD US,RPD
OOMA US,OOMA
DSKE US,DSKE
AGLE US,AGLE
FLOW US,FLOW
PYPL US,PYPL
ODFL US,ODFL
TRU US,TRU
HMN US,HMN
WNC US,WNC
LILAK US,LILAK
WRLD US,WRLD
WETF US,WETF
PRGO US,PRGO
TTEK US,TTEK
AMSC US,AMSC
QCOM US,QCOM
GILD US,GILD
PLNT US,PLNT
MSON US,MSON
RUN US,RUN
MCFT US,MCFT
ROP US,ROP
SNPS US,SNPS
ELY US,ELY
LCTX US,LCTX
ICUI US,ICUI
MHK US,MHK
CNR US,CNR
KOPN US,KOPN
RNST US,RNST
AGCO US,AGCO
HLI US,HLI
BKE US,BKE
OLED US,OLED
BSX US,BSX
KSS US,KSS
VBIV US,VBIV
STE US,STE
USPH US,USPH
BBBY US,BBBY
CACC US,CACC
DHI US,DHI
GBT US,GBT
COLB US,COLB
GPK US,GPK
TWNK US,TWNK
FCEL US,FCEL
SBUX US,SBUX
CENTA US,CENTA
WIRE US,WIRE
KW US,KW
CAKE US,CAKE
LFUS US,LFUS
ASGN US,ASGN
PSTG US,PSTG
MTX US,MTX
PDCO US,PDCO
SITE US,SITE
RDN US,RDN
SGRY US,SGRY
ACRS US,ACRS
KAI US,KAI
LGND US,LGND
GTLS US,GTLS
SM US,SM
MTCH US,MTCH
KURA US,KURA
CTMX US,CTMX
NVCR US,NVCR
RGNX US,RGNX
PEN US,PEN
CERC US,CERC
HPE US,HPE
ANAB US,ANAB
BRP US,BRP
LAZY US,LAZY
ABTX US,ABTX
DLTH US,DLTH
WVE US,WVE
EQBK US,EQBK
AXSM US,AXSM
APLS US,APLS
RRR US,RRR
SQ US,SQ
MIME US,MIME
TEAM US,TEAM
WBT US,WBT
RMR US,RMR
FTV US,FTV
AGR US,AGR
OCX US,OCX
SCWX US,SCWX
NTNX US,NTNX
HRI US,HRI
TRHC US,TRHC
GCP US,GCP
OTLK US,OTLK
TCMD US,TCMD
CDEV US,CDEV
EDIT US,EDIT
RETA US,RETA
EIGR US,EIGR
NGVT US,NGVT
NTLA US,NTLA
BATRK US,BATRK
FWONK US,FWONK
BALY US,BALY
ADNT US,ADNT
SELB US,SELB
TWLO US,TWLO
VVV US,VVV
JELD US,JELD
SYRS US,SYRS
HGV US,HGV
KDMN US,KDMN
KIDS US,KIDS
TPIC US,TPIC
GOLF US,GOLF
SMPL US,SMPL
HONE US,HONE
AA US,AA
KNSL US,KNSL
YETI US,YETI
FHB US,FHB
PTGX US,PTGX
INSW US,INSW
MDGL US,MDGL
NLS US,NLS
RCKY US,RCKY
CREE US,CREE
DFIN US,DFIN
LIVN US,LIVN
CRY US,CRY
UEIC US,UEIC
FBK US,FBK
EVBG US,EVBG
TTD US,TTD
ELF US,ELF
HUM US,HUM
AVID US,AVID
INTU US,INTU
SCVL US,SCVL
CSTR US,CSTR
MCHP US,MCHP
BOMN US,BOMN
CHS US,CHS
FLGT US,FLGT
BANF US,BANF
CB US,CB
DZSI US,DZSI
COUP US,COUP
SANM US,SANM
TCBK US,TCBK
ATR US,ATR
ORLY US,ORLY
RCL US,RCL
HWM US,HWM
AVNT US,AVNT
JBL US,JBL
RGA US,RGA
GABC US,GABC
CDW US,CDW
ALL US,ALL
IRTC US,IRTC
LGF/A US,LGF/A
OFIX US,OFIX
SPNS US,SPNS
PZZA US,PZZA
THRM US,THRM
BL US,BL
YUMC US,YUMC
GRWG US,GRWG
BCO US,BCO
MCRI US,MCRI
CNDT US,CNDT
BWA US,BWA
FLL US,FLL
SPTN US,SPTN
PFGC US,PFGC
LW US,LW
ARWR US,ARWR
CASH US,CASH
KDP US,KDP
MAR US,MAR
BDC US,BDC
QCRH US,QCRH
VREX US,VREX
BYD US,BYD
DECK US,DECK
ALBO US,ALBO
COST US,COST
FFIN US,FFIN
PTEN US,PTEN
INCY US,INCY
ROCK US,ROCK
ITRI US,ITRI
URBN US,URBN
CNTY US,CNTY
CARS US,CARS
UFPI US,UFPI
ICHR US,ICHR
FWRD US,FWRD
BYSI US,BYSI
VIAV US,VIAV
KALV US,KALV
NYCB US,NYCB
CASA US,CASA
SHOO US,SHOO
EMN US,EMN
UFPT US,UFPT
LNG US,LNG
MED US,MED
NEX US,NEX
HAIN US,HAIN
WTTR US,WTTR
JNCE US,JNCE
DSPG US,DSPG
MLM US,MLM
TSCO US,TSCO
ALB US,ALB
BZH US,BZH
IVZ US,IVZ
WRK US,WRK
BCRX US,BCRX
NNBR US,NNBR
CPRT US,CPRT
SCSC US,SCSC
MPAA US,MPAA
FMBH US,FMBH
EXP US,EXP
AEO US,AEO
HLNE US,HLNE
IR US,IR
NKTR US,NKTR
PUMP US,PUMP
ABCB US,ABCB
TELL US,TELL
PENN US,PENN
SSD US,SSD
REKR US,REKR
LBRT US,LBRT
HCC US,HCC
FDP US,FDP
GBX US,GBX
SOI US,SOI
ARD US,ARD
ADTN US,ADTN
AMED US,AMED
YEXT US,YEXT
DAR US,DAR
AYX US,AYX
SIRI US,SIRI
RS US,RS
OKTA US,OKTA
KNX US,KNX
AZPN US,AZPN
CVLG US,CVLG
NWBI US,NWBI
CADE US,CADE
COF US,COF
CVNA US,CVNA
CLDR US,CLDR
URGN US,URGN
VERI US,VERI
BHVN US,BHVN
AM US,AM
APPN US,APPN
ALT US,ALT
MGY US,MGY
GTHX US,GTHX
FOCS US,FOCS
HAFC US,HAFC
AGS US,AGS
NSIT US,NSIT
SSTI US,SSTI
RCII US,RCII
WOW US,WOW
BRKS US,BRKS
SGH US,SGH
ACIW US,ACIW
BY US,BY
DLTR US,DLTR
NATI US,NATI
MRSN US,MRSN
ABC US,ABC
CBZ US,CBZ
BMRC US,BMRC
BHF US,BHF
ADV US,ADV
HLIT US,HLIT
DRI US,DRI
RMD US,RMD
BBCP US,BBCP
RDFN US,RDFN
BKR US,BKR
PETQ US,PETQ
ALPN US,ALPN
MTEM US,MTEM
ECVT US,ECVT
CSSE US,CSSE
MBIO US,MBIO
KRYS US,KRYS
CEIX US,CEIX
ROKU US,ROKU
DCPH US,DCPH
SWCH US,SWCH
SPRO US,SPRO
MDB US,MDB
FNKO US,FNKO
ALTR US,ALTR
CARG US,CARG
PACK US,PACK
BAND US,BAND
EYE US,EYE
OSW US,OSW
AQUA US,AQUA
MBIN US,MBIN
SAIL US,SAIL
CUE US,CUE
SFIX US,SFIX
ARCT US,ARCT
NMRK US,NMRK
EQH US,EQH
WSC US,WSC
DNLI US,DNLI
QTRX US,QTRX
AVYA US,AVYA
VMD US,VMD
GTES US,GTES
SLDB US,SLDB
RCKT US,RCKT
EOLS US,EOLS
ADT US,ADT
CDLX US,CDLX
WHD US,WHD
BTAI US,BTAI
ZS US,ZS
NMTR US,NMTR
CLBK US,CLBK
PRPL US,PRPL
STEP US,STEP
RCUS US,RCUS
DBX US,DBX
SPOT US,SPOT
ZUO US,ZUO
FIXX US,FIXX
WH US,WH
SURF US,SURF
SMAR US,SMAR
IEA US,IEA
DOCU US,DOCU
CHX US,CHX
LASR US,LASR
GSHD US,GSHD
ROAD US,ROAD
LOVE US,LOVE
INSP US,INSP
EVLO US,EVLO
SRRK US,SRRK
KNSA US,KNSA
OBNK US,OBNK
MGTA US,MGTA
GSKY US,GSKY
EVOP US,EVOP
MGTX US,MGTX
USX US,USX
TBIO US,TBIO
DOMO US,DOMO
AVLR US,AVLR
HYRE US,HYRE
BV US,BV
IIIV US,IIIV
SKY US,SKY
AVRO US,AVRO
BE US,BE
RPAY US,RPAY
EVER US,EVER
STIM US,STIM
BJ US,BJ
REPL US,REPL
RUBY US,RUBY
ALLK US,ALLK
CRNX US,CRNX
IAA US,IAA
PRVB US,PRVB
TENB US,TENB
ARLO US,ARLO
SONO US,SONO
CWK US,CWK
IMXI US,IMXI
FTDR US,FTDR
ELAN US,ELAN
MESA US,MESA
AMTB US,AMTB
CRK US,CRK
FLMN US,FLMN
LTHM US,LTHM
REZI US,REZI
STRO US,STRO
EB US,EB
ARVN US,ARVN
GRTS US,GRTS
UPWK US,UPWK
GH US,GH
KOD US,KOD
YMAB US,YMAB
MNTV US,MNTV
ALLO US,ALLO
CBNK US,CBNK
SIBN US,SIBN
NGM US,NGM
PLAN US,PLAN
TWST US,TWST
ESTC US,ESTC
UTZ US,UTZ
VRRM US,VRRM
STNE US,STNE
VAPO US,VAPO
AMK US,AMK
ETRN US,ETRN
AXNX US,AXNX
MRNA US,MRNA
ALTM US,ALTM
NFE US,NFE
DOW US,DOW
SI US,SI
BYND US,BYND
RVLV US,RVLV
ORGO US,ORGO
GOSS US,GOSS
HARP US,HARP
TCRR US,TCRR
PSTX US,PSTX
ALEC US,ALEC
FOXA US,FOXA
KLDO US,KLDO
SEEL US,SEEL
CVET US,CVET
SOLY US,SOLY
SWAV US,SWAV
LYFT US,LYFT
SILK US,SILK
DTIL US,DTIL
TW US,TW
PLMR US,PLMR
CHNG US,CHNG
PD US,PD
MNRL US,MNRL
ZM US,ZM
TPTX US,TPTX
PINS US,PINS
HOOK US,HOOK
KTB US,KTB
FREE US,FREE
TMDX US,TMDX
AVTR US,AVTR
UBER US,UBER
APLT US,APLT
MEC US,MEC
CRTX US,CRTX
FSLY US,FSLY
IDYA US,IDYA
CDAK US,CDAK
PSN US,PSN
CTVA US,CTVA
CRWD US,CRWD
ATER US,ATER
CLVT US,CLVT
PSNL US,PSNL
STOK US,STOK
BBIO US,BBIO
AKRO US,AKRO
BCEL US,BCEL
ADPT US,ADPT
MORF US,MORF
REAL US,REAL
KRTX US,KRTX
INBX US,INBX
ONCT US,ONCT
CMBM US,CMBM
MDLA US,MDLA
MIRM US,MIRM
FULC US,FULC
PHR US,PHR
HCAT US,HCAT
NOVA US,NOVA
CSTL US,CSTL
KRUS US,KRUS
RAPT US,RAPT
DT US,DT
ONEW US,ONEW
CFB US,CFB
OPRT US,OPRT
NVST US,NVST
OPCH US,OPCH
SWTX US,SWTX
NET US,NET
CRNC US,CRNC
PING US,PING
DDOG US,DDOG
PTON US,PTON
VIR US,VIR
IGMS US,IGMS
TXG US,TXG
PNTG US,PNTG
FREQ US,FREQ
BRBR US,BRBR
PGNY US,PGNY
BEAM US,BEAM
PHAT US,PHAT
ETNB US,ETNB
SITM US,SITM
SPCE US,SPCE
AHCO US,AHCO
BILL US,BILL
REYN US,REYN
SPT US,SPT
ARNC US,ARNC
IMVT US,IMVT
ONEM US,ONEM
ARQT US,ARQT
PPD US,PPD
CSPR US,CSPR
SDGR US,SDGR
BDTX US,BDTX
RVMD US,RVMD
PASG US,PASG
VRT US,VRT
PAE US,PAE
OTIS US,OTIS
CARR US,CARR
AZEK US,AZEK
VNT US,VNT
ALTG US,ALTG
SLQT US,SLQT
NARI US,NARI
LUNG US,LUNG
ACCD US,ACCD
ORIC US,ORIC
GDYN US,GDYN
ETWO US,ETWO
ZNTL US,ZNTL
MSGE US,MSGE
KROS US,KROS
DKNG US,DKNG
PLRX US,PLRX
RNA US,RNA
RPRX US,RPRX
FOUR US,FOUR
AMTI US,AMTI
VRM US,VRM
ATCX US,ATCX
ACEL US,ACEL
FMTX US,FMTX
AKUS US,AKUS
LPRO US,LPRO
GBIO US,GBIO
PCVX US,PCVX
FBRX US,FBRX
EBC US,EBC
GOCO US,GOCO
TIG US,TIG
RXT US,RXT
NKTX US,NKTX
BLI US,BLI
RLAY US,RLAY
ITOS US,ITOS
IAC US,IAC
LMND US,LMND
ALXO US,ALXO
NCNO US,NCNO
JAMF US,JAMF
MEG US,MEG
RKT US,RKT
VITL US,VITL
OSH US,OSH
BIGC US,BIGC
AFIB US,AFIB
NRIX US,NRIX
ANNX US,ANNX
INZY US,INZY
DCT US,DCT
BEPC US,BEPC
KYMR US,KYMR
AOUT US,AOUT
OM US,OM
SUMO US,SUMO
U US,U
PLTR US,PLTR
DYN US,DYN
ATHA US,ATHA
FROG US,FROG
COGT US,COGT
AMWL US,AMWL
ASAN US,ASAN
PTVE US,PTVE
LSF US,LSF
TSHA US,TSHA
AVO US,AVO
PMVP US,PMVP
ASO US,ASO
PRLD US,PRLD
BSY US,BSY
EAR US,EAR
CCCC US,CCCC
ONCR US,ONCR
ALGS US,ALGS
CRSR US,CRSR
KRON US,KRON
STTK US,STTK
MAX US,MAX
KDNY US,KDNY
MCFE US,MCFE
PRAX US,PRAX
MPLN US,MPLN
ARRY US,ARRY
SFT US,SFT
PAYA US,PAYA
MSP US,MSP
CERE US,CERE
SQZ US,SQZ
LESL US,LESL
AVIR US,AVIR
GATO US,GATO
ALGM US,ALGM
FSR US,FSR
TLMD US,TLMD
SBGI US,SBGI
DISH US,DISH
HA US,HA
PLAY US,PLAY
GIC US,GIC
WAB US,WAB
EAF US,EAF
AAWW US,AAWW
KFRC US,KFRC
IART US,IART
ACGL US,ACGL
SMSI US,SMSI
MD US,MD
NOVT US,NOVT
RE US,RE
MYGN US,MYGN
RNR US,RNR
POOL US,POOL
DVA US,DVA
BANR US,BANR
OPK US,OPK
HSIC US,HSIC
AEIS US,AEIS
EL US,EL
WAT US,WAT
SAM US,SAM
FFIC US,FFIC
NTAP US,NTAP
NWPX US,NWPX
NVAX US,NVAX
CTXS US,CTXS
NUAN US,NUAN
HTLF US,HTLF
TGTX US,TGTX
MSM US,MSM
HIG US,HIG
SCCO US,SCCO
LNDC US,LNDC
CTLP US,CTLP
CMCO US,CMCO
CSGS US,CSGS
HUBG US,HUBG
ABUS US,ABUS
CENX US,CENX
SASR US,SASR
TRV US,TRV
SYKE US,SYKE
FCN US,FCN
TUP US,TUP
NBIX US,NBIX
SSNC US,SSNC
SBSI US,SBSI
RUSHA US,RUSHA
ANSS US,ANSS
DCOM US,DCOM
FDS US,FDS
QGEN US,QGEN
OCFC US,OCFC
PEGA US,PEGA
STRA US,STRA
GERN US,GERN
TTEC US,TTEC
GES US,GES
SRCL US,SRCL
ANF US,ANF
ENDP US,ENDP
SPPI US,SPPI
ATRS US,ATRS
BJRI US,BJRI
HIBB US,HIBB
WTFC US,WTFC
PAG US,PAG
TGI US,TGI
NOV US,NOV
UNFI US,UNFI
PLUS US,PLUS
NUS US,NUS
STLD US,STLD
FORR US,FORR
VSAT US,VSAT
DGX US,DGX
LAD US,LAD
HLIO US,HLIO
CALM US,CALM
NSP US,NSP
CERS US,CERS
VCEL US,VCEL
MTN US,MTN
CIEN US,CIEN
SLGN US,SLGN
KMX US,KMX
EEFT US,EEFT
SSB US,SSB
TTWO US,TTWO
EMKR US,EMKR
FBC US,FBC
RMBS US,RMBS
AMZN US,AMZN
UCBI US,UCBI
QRVO US,QRVO
SRPT US,SRPT
RL US,RL
MMS US,MMS
SLP US,SLP
PPBI US,PPBI
FIX US,FIX
HLX US,HLX
AROC US,AROC
HSKA US,HSKA
EGHT US,EGHT
OZK US,OZK
JLL US,JLL
QADA US,QADA
UMPQ US,UMPQ
BFAM US,BFAM
PSMT US,PSMT
MTOR US,MTOR
YUM US,YUM
FARO US,FARO
PLCE US,PLCE
NAT US,NAT
CAC US,CAC
INVE US,INVE
SRI US,SRI
OSIS US,OSIS
CHRW US,CHRW
CHH US,CHH
DRQ US,DRQ
MBWM US,MBWM
CWST US,CWST
GPI US,GPI
MTD US,MTD
SAH US,SAH
AMG US,AMG
INGR US,INGR
POWI US,POWI
URI US,URI
HOPE US,HOPE
HFWA US,HFWA
SCS US,SCS
VRSN US,VRSN
MRCY US,MRCY
PWR US,PWR
CNXN US,CNXN
SRDX US,SRDX
OSPN US,OSPN
FHI US,FHI
TPB US,TPB
AMCR US,AMCR
NLSN US,NLSN
NCLH US,NCLH
BRKL US,BRKL
COLM US,COLM
UUUU US,UUUU
PGC US,PGC
PFBC US,PFBC
HTBK US,HTBK
LBAI US,LBAI
MANH US,MANH
AXTI US,AXTI
HZO US,HZO
MSTR US,MSTR
EGBN US,EGBN
CTSH US,CTSH
RH US,RH
DOX US,DOX
CSGP US,CSGP
RSG US,RSG
SMED US,SMED
EBAY US,EBAY
GS US,GS
SWBI US,SWBI
PB US,PB
SNBR US,SNBR
GDEN US,GDEN
EFSC US,EFSC
STL US,STL
NVDA US,NVDA
AXL US,AXL
AUD US,AUD
EWBC US,EWBC
APTV US,APTV
EPAY US,EPAY
KFY US,KFY
MKSI US,MKSI
BKNG US,BKNG
TREX US,TREX
CFFN US,CFFN
EXTR US,EXTR
HSII US,HSII
CNX US,CNX
TOWN US,TOWN
WCC US,WCC
USCR US,USCR
FFIV US,FFIV
SKX US,SKX
UTHR US,UTHR
FISI US,FISI
JNPR US,JNPR
ECPG US,ECPG
JCOM US,JCOM
BMRN US,BMRN
LII US,LII
PRFT US,PRFT
FLWS US,FLWS
NTCT US,NTCT
EGAN US,EGAN
BLK US,BLK
CIR US,CIR
WWE US,WWE
SFST US,SFST
AKAM US,AKAM
PLUG US,PLUG
NEO US,NEO
KTOS US,KTOS
CHTR US,CHTR
EXPE US,EXPE
ONTO US,ONTO
A US,A
TDY US,TDY
PKG US,PKG
ZYXI US,ZYXI
AGEN US,AGEN
SLAB US,SLAB
EW US,EW
EPC US,EPC
RIGL US,RIGL
CCMP US,CCMP
HSTM US,HSTM
MET US,MET
LXRX US,LXRX
LPSN US,LPSN
SGMO US,SGMO
EXEL US,EXEL
ON US,ON
CEVA US,CEVA
RBBN US,RBBN
NRG US,NRG
INSM US,INSM
PACW US,PACW
VC US,VC
ISRG US,ISRG
CRL US,CRL
MRVL US,MRVL
BHLB US,BHLB
ENTG US,ENTG
ACLS US,ACLS
MAXR US,MAXR
SAVA US,SAVA
ARNA US,ARNA
ILMN US,ILMN
CRIS US,CRIS
BRKR US,BRKR
PNFP US,PNFP
MCO US,MCO
TTMI US,TTMI
AWH US,AWH
ITGR US,ITGR
TPR US,TPR
TNET US,TNET
INSG US,INSG
EXAS US,EXAS
RGP US,RGP
ALGN US,ALGN
GRMN US,GRMN
SGEN US,SGEN
HBIO US,HBIO
DVAX US,DVAX
ACAD US,ACAD
GPN US,GPN
OIS US,OIS
NOG US,NOG
BTU US,BTU
SYNA US,SYNA
MDLZ US,MDLZ
OMCL US,OMCL
PRU US,PRU
ACN US,ACN
AXON US,AXON
ADS US,ADS
WLTW US,WLTW
MVBF US,MVBF
CCRN US,CCRN
BG US,BG
PDFS US,PDFS
AMN US,AMN
ZBH US,ZBH
ABG US,ABG
XPO US,XPO
ANTM US,ANTM
GME US,GME
WW US,WW
CNC US,CNC
PFG US,PFG
AAP US,AAP
AYI US,AYI
MANT US,MANT
CORT US,CORT
CUTR US,CUTR
CCOI US,CCOI
VRNT US,VRNT
DS US,DS
JBLU US,JBLU
NFLX US,NFLX
CVGW US,CVGW
CPSI US,CPSI
OSTK US,OSTK
ACM US,ACM
BDSI US,BDSI
TDG US,TDG
TA US,TA
FORM US,FORM
KIRK US,KIRK
RRGB US,RRGB
NPO US,NPO
CME US,CME
NXST US,NXST
WYNN US,WYNN
NDAQ US,NDAQ
BANC US,BANC
CIT US,CIT
DKS US,DKS
CRI US,CRI
PFS US,PFS
TCBI US,TCBI
PRAA US,PRAA
SAIA US,SAIA
XEC US,XEC
OTRK US,OTRK
HALO US,HALO
FBMS US,FBMS
MOH US,MOH
AXS US,AXS
NTGR US,NTGR
ATSG US,ATSG
WLL US,WLL
LKQ US,LKQ
SNX US,SNX
AEL US,AEL
CONN US,CONN
TPX US,TPX
HTH US,HTH
CMP US,CMP
VST US,VST
CRM US,CRM
MEIP US,MEIP
GNW US,GNW
CYTK US,CYTK
SP US,SP
MKTX US,MKTX
BGS US,BGS
DPZ US,DPZ
MA US,MA
GOOGL US,GOOGL
MNKD US,MNKD
WTI US,WTI
STXS US,STXS
TXRH US,TXRH
BECN US,BECN
SFL US,SFL
WLK US,WLK
MRTX US,MRTX
SBNY US,SBNY
VVI US,VVI
MPWR US,MPWR
ENS US,ENS
ORA US,ORA
MIC US,MIC
BXC US,BXC
LVS US,LVS
KRNY US,KRNY
HURN US,HURN
CNSL US,CNSL
MOS US,MOS
CYRX US,CYRX
CE US,CE
PBH US,PBH
WEX US,WEX
XPEL US,XPEL
HUN US,HUN
LHCG US,LHCG
EXLS US,EXLS
AMTX US,AMTX
LAZ US,LAZ
AX US,AX
CORE US,CORE
DXCM US,DXCM
INFO US,INFO
RLGT US,RLGT
ZUMZ US,ZUMZ
BLDR US,BLDR
CTRN US,CTRN
KOP US,KOP
ALTO US,ALTO
ICE US,ICE
EVRI US,EVRI
EGLE US,EGLE
ATRC US,ATRC
RUTH US,RUTH
WAL US,WAL
JRVR US,JRVR
GNK US,GNK
CF US,CF
CTSO US,CTSO
THS US,THS
DISCA US,DISCA
TROX US,TROX
ISBC US,ISBC
IRBT US,IRBT
SPR US,SPR
ACCO US,ACCO
ROLL US,ROLL
AMSF US,AMSF
HOMB US,HOMB
BKD US,BKD
CCO US,CCO
AMP US,AMP
CROX US,CROX
SPWR US,SPWR
UAA US,UAA
LDOS US,LDOS
ZIOP US,ZIOP
DHT US,DHT
FNF US,FNF
URG US,URG
LYV US,LYV
UEC US,UEC
HEES US,HEES
CMG US,CMG
FIS US,FIS
KRA US,KRA
MWA US,MWA
ATEC US,ATEC
VG US,VG
DK US,DK
LUNA US,LUNA
HBMD US,HBMD
PFPT US,PFPT
GOGO US,GOGO
CUBI US,CUBI
HTBI US,HTBI
ORMP US,ORMP
RDUS US,RDUS
POST US,POST
SPLK US,SPLK
FB US,FB
FANG US,FANG
PSX US,PSX
PBYI US,PBYI
GMED US,GMED
NOW US,NOW
BLMN US,BLMN
PANW US,PANW
FIVE US,FIVE
RLGY US,RLGY
PGTI US,PGTI
CVLT US,CVLT
PTCT US,PTCT
QRTEA US,QRTEA
SEM US,SEM
KBR US,KBR
EHTH US,EHTH
LMAT US,LMAT
INFU US,INFU
ICFI US,ICFI
TNL US,TNL
EVR US,EVR
ORBC US,ORBC
ALGT US,ALGT
FOLD US,FOLD
WU US,WU
CELH US,CELH
HBI US,HBI
FSLR US,FSLR
BYRN US,BYRN
INFI US,INFI
FRST US,FRST
WLDN US,WLDN
PRIM US,PRIM
AWI US,AWI
SBH US,SBH
IPGP US,IPGP
CPRX US,CPRX
ATHX US,ATHX
EBS US,EBS
AIMC US,AIMC
TAST US,TAST
CLNE US,CLNE
AVAV US,AVAV
NCMI US,NCMI
SMCI US,SMCI
AVNW US,AVNW
EIG US,EIG
PRTS US,PRTS
ARAY US,ARAY
IBKR US,IBKR
UFS US,UFS
BR US,BR
BX US,BX
CNK US,CNK
CAI US,CAI
TTGT US,TTGT
PODD US,PODD
INFN US,INFN
JAZZ US,JAZZ
LLNW US,LLNW
CDXC US,CDXC
DFS US,DFS
PRO US,PRO
SCOR US,SCOR
MASI US,MASI
ALSN US,ALSN
G US,G
VMW US,VMW
TDC US,TDC
MSCI US,MSCI
LPLA US,LPLA
CVI US,CVI
ULTA US,ULTA
APEI US,APEI
ENSG US,ENSG
LL US,LL
SCU US,SCU
NFBK US,NFBK
TITN US,TITN
LRN US,LRN
ACBI US,ACBI
FOR US,FOR
SATS US,SATS
EBSB US,EBSB
CSII US,CSII
AWK US,AWK
V US,V
CFX US,CFX
FN US,FN
HCCI US,HCCI
CLDX US,CLDX
PM US,PM
HI US,HI
CCXI US,CCXI
ZGNX US,ZGNX
SWI US,SWI
ERII US,ERII
KKR US,KKR
VRS US,VRS
NX US,NX
CDNA US,CDNA
CDXS US,CDXS
IPI US,IPI
ECHO US,ECHO
MRC US,MRC
IOVA US,IOVA
LOPE US,LOPE
SB US,SB
BKI US,BKI
ATVI US,ATVI
TREE US,TREE
JBT US,JBT
RXN US,RXN
BERY US,BERY
MYRG US,MYRG
VRSK US,VRSK
AVGO US,AVGO
MDRX US,MDRX
GPRE US,GPRE
DMRC US,DMRC
CLW US,CLW
SLCA US,SLCA
ADUS US,ADUS
TXMD US,TXMD
H US,H
FTNT US,FTNT
KAR US,KAR
OMER US,OMER
RCM US,RCM
IRDM US,IRDM
GNRC US,GNRC
COWN US,COWN
CALX US,CALX
ST US,ST
CRMD US,CRMD
SPSC US,SPSC
CLPT US,CLPT
FIBK US,FIBK
APO US,APO
IRWD US,IRWD
PLOW US,PLOW
QNST US,QNST
STNG US,STNG
GDOT US,GDOT
CBOE US,CBOE
MXL US,MXL
ENV US,ENV
AOSL US,AOSL
FLT US,FLT
NPTN US,NPTN
AMRS US,AMRS
NXPI US,NXPI
FAF US,FAF
TSLA US,TSLA
AMRC US,AMRC
VPG US,VPG
VRA US,VRA
BWXT US,BWXT
HZNP US,HZNP
WD US,WD
CLAR US,CLAR
EVTC US,EVTC
PACB US,PACB
TRGP US,TRGP
SAVE US,SAVE
CSOD US,CSOD
CMRE US,CMRE
BKU US,BKU
PCRX US,PCRX
BAH US,BAH
REVG US,REVG
SUPN US,SUPN
KOS US,KOS
AL US,AL
HII US,HII
THR US,THR
SEAS US,SEAS
SXC US,SXC
ARMK US,ARMK
CHEF US,CHEF
MPC US,MPC
ZG US,ZG
PRTY US,PRTY
LIVX US,LIVX
HMST US,HMST
MSBI US,MSBI
RM US,RM
GRPN US,GRPN
VTGN US,VTGN
AMCX US,AMCX
ENPH US,ENPH
ASPN US,ASPN
TSE US,TSE
TLYS US,TLYS
ZNGA US,ZNGA
REGI US,REGI
PRLB US,PRLB
EPAM US,EPAM
BCEI US,BCEI
VCRA US,VCRA
MTSI US,MTSI
CHUY US,CHUY
MTDR US,MTDR
BCOV US,BCOV
LPI US,LPI
FBHS US,FBHS
FRG US,FRG
CG US,CG
XYL US,XYL
ENVA US,ENVA
GO US,GO
VVNT US,VVNT
AXGN US,AXGN
GWRE US,GWRE
NBHC US,NBHC
VAC US,VAC
ACHC US,ACHC
VSTM US,VSTM
PBF US,PBF
YELP US,YELP
FBIO US,FBIO
CPRI US,CPRI
TRIP US,TRIP
IGT US,IGT
GLNG US,GLNG
RCEL US,RCEL
EYPT US,EYPT
TPH US,TPH
JHG US,JHG
CBRE US,CBRE
BLKB US,BLKB
TRTN US,TRTN
SNDR US,SNDR
ALNY US,ALNY
NUVA US,NUVA
ANGO US,ANGO
UCTT US,UCTT
CNS US,CNS
LXFR US,LXFR
AQB US,AQB
LYB US,LYB
FRO US,FRO
ESI US,ESI
ALLE US,ALLE
GAN US,GAN
LPG US,LPG
ATH US,ATH
APG US,APG
NVT US,NVT
ACA US,ACA
IMUX US,IMUX
SNOW US,SNOW
IMAX US,IMAX
TRIL US,TRIL
LULU US,LULU
TNK US,TNK
